da9f59d6-5330-4f1d-a859-41a2318ef689	98622afe-6b3a-4d3e-be41-8cd2e518b415	2025-07-08	2930	P003	20.0	2347.35	17.0	23.0	\N	2025-08-19 01:14:19.683604+00	2025-08-19 01:29:57.368272+00	baf175a7-fcf7-4e71-b18f-e952d8802129	REMISION_LINKED	2930	\N	{"fc": 350, "valor_edad": 1, "unidad_edad": "DÍA"}	f	SYNCED	\N	2025-07-08 05:50:00+00	America/Mexico_City	05:50:00
1b906847-880d-4c3e-9901-1bbec7d9d76c	66e9f254-e3df-4f23-8e2d-fc3e08981635	2025-07-08	2933	P003	79.0	2417.63	35.0	29.0	\N	2025-08-19 01:14:19.683604+00	2025-08-19 01:29:57.368272+00	baf175a7-fcf7-4e71-b18f-e952d8802129	REMISION_LINKED	2933	\N	{"fc": 350, "valor_edad": 14, "unidad_edad": "HORA"}	f	SYNCED	\N	2025-07-08 14:00:00+00	America/Mexico_City	14:00:00
3a07beb0-78ed-4595-b346-00a9c0b9489e	c4ef00dc-59b3-4d69-b229-9f2fe1881750	2025-07-08	2941	P003	77.0	2439.72	35.0	31.0	\N	2025-08-19 01:14:19.683604+00	2025-08-19 01:29:57.368272+00	baf175a7-fcf7-4e71-b18f-e952d8802129	REMISION_LINKED	2941	\N	{"fc": 350, "valor_edad": 14, "unidad_edad": "HORA"}	f	SYNCED	\N	2025-07-08 16:00:00+00	America/Mexico_City	16:00:00
9e04f8fa-d7db-4d27-873b-a81bdee88ca4	5d3f34ca-d0dd-47ba-8536-8b5c86b5622d	2025-07-08	2945	P003	75.0	2399.56	27.0	29.0	\N	2025-08-19 01:14:19.683604+00	2025-08-19 01:29:57.368272+00	baf175a7-fcf7-4e71-b18f-e952d8802129	REMISION_LINKED	2945	\N	{"fc": 350, "valor_edad": 14, "unidad_edad": "HORA"}	f	SYNCED	\N	2025-07-08 19:05:00+00	America/Mexico_City	19:05:00
09a27d00-815a-486a-aec7-038b162f93b1	b121c079-8804-4d08-8cfb-bab43b0c5cdd	2025-07-08	2949	P003	75.0	2399.56	25.0	32.0	\N	2025-08-19 01:14:19.683604+00	2025-08-19 01:29:57.368272+00	baf175a7-fcf7-4e71-b18f-e952d8802129	REMISION_LINKED	2949	\N	{"fc": 350, "valor_edad": 14, "unidad_edad": "HORA"}	f	SYNCED	\N	2025-07-08 22:00:00+00	America/Mexico_City	22:00:00
f1642f47-397d-4a70-9f8a-8dfa698dc995	818bcd62-aac9-4322-9e4a-b911555e3f11	2025-07-08	2954	P003	76.0	2393.53	23.0	31.0	\N	2025-08-19 01:14:19.683604+00	2025-08-19 01:29:57.368272+00	baf175a7-fcf7-4e71-b18f-e952d8802129	REMISION_LINKED	2954	\N	{"fc": 350, "valor_edad": 14, "unidad_edad": "HORA"}	f	SYNCED	\N	2025-07-08 23:00:00+00	America/Mexico_City	23:00:00
2f52f534-4658-4ac5-b80f-a107cfb29b9d	f3f5b109-fe6c-498b-b190-2abae3986528	2025-07-09	2960	P003	75.0	2427.67	27.0	30.0	\N	2025-08-19 01:14:19.683604+00	2025-08-19 01:29:57.368272+00	baf175a7-fcf7-4e71-b18f-e952d8802129	REMISION_LINKED	2960	\N	{"fc": 350, "valor_edad": 18, "unidad_edad": "HORA"}	f	SYNCED	\N	2025-07-09 19:15:00+00	America/Mexico_City	19:15:00
ce0e2ddb-0e4b-407f-bf56-39c046904184	43eaf0f1-f7b8-46ac-a5b2-0880a8413755	2025-07-09	2962	P003	76.0	2409.60	26.0	33.0	\N	2025-08-19 01:14:19.683604+00	2025-08-19 01:29:57.368272+00	baf175a7-fcf7-4e71-b18f-e952d8802129	REMISION_LINKED	2962	\N	{"fc": 350, "valor_edad": 14, "unidad_edad": "HORA"}	f	SYNCED	\N	2025-07-09 20:00:00+00	America/Mexico_City	20:00:00
9bba2c12-b7ab-46bf-82ec-f1a797d802a6	f5f1cfcb-934c-4154-8c4f-ecdf4bc1f9e6	2025-07-10	2966	P003	20.0	2341.32	19.0	20.0	\N	2025-08-19 01:14:19.683604+00	2025-08-19 01:29:57.368272+00	baf175a7-fcf7-4e71-b18f-e952d8802129	REMISION_LINKED	2966	\N	{"fc": 350, "valor_edad": 1, "unidad_edad": "DÍA"}	f	SYNCED	\N	2025-07-10 06:00:00+00	America/Mexico_City	06:00:00
053640f6-8b64-4de3-938f-e3b08f8c933c	7b905764-fc33-4231-bbe6-405c19f0148d	2025-07-10	2970	P003	75.0	2399.56	25.0	29.0	\N	2025-08-19 01:14:19.683604+00	2025-08-19 01:29:57.368272+00	baf175a7-fcf7-4e71-b18f-e952d8802129	REMISION_LINKED	2970	\N	{"fc": 350, "valor_edad": 18, "unidad_edad": "HORA"}	f	SYNCED	\N	2025-07-10 18:10:00+00	America/Mexico_City	18:10:00
73251839-13a1-4905-b886-d93ef277b44a	6e09c77e-bafd-445b-9109-14d8584e1402	2025-07-10	2972	P003	75.0	2409.60	24.0	31.0	\N	2025-08-19 01:14:19.683604+00	2025-08-19 01:29:57.368272+00	baf175a7-fcf7-4e71-b18f-e952d8802129	REMISION_LINKED	2972	\N	{"fc": 350, "valor_edad": 14, "unidad_edad": "HORA"}	f	SYNCED	\N	2025-07-10 18:56:00+00	America/Mexico_City	18:56:00
471f219c-5373-405b-a956-5324a1dcac41	b2554c0d-6048-4f5d-82c3-8aa52aa729b3	2025-07-11	2976	P003	21.0	2389.52	27.0	25.0	\N	2025-08-19 01:14:19.683604+00	2025-08-19 01:29:57.368272+00	baf175a7-fcf7-4e71-b18f-e952d8802129	REMISION_LINKED	2976	\N	{"fc": 350, "valor_edad": 24, "unidad_edad": "DÍA"}	f	SYNCED	\N	2025-07-11 06:00:00+00	America/Mexico_City	06:00:00
0228938d-6fa1-4ba5-a76a-a582cf1c0a92	59e32ba1-f82a-40f1-8478-3b5293f4492d	2025-07-11	2981	P003	77.0	2403.57	35.0	32.0	\N	2025-08-19 01:14:19.683604+00	2025-08-19 01:29:57.368272+00	baf175a7-fcf7-4e71-b18f-e952d8802129	REMISION_LINKED	2981	\N	{"fc": 350, "valor_edad": 14, "unidad_edad": "HORA"}	f	SYNCED	Hora inválida en CSV original: 2981	2025-07-11 00:00:00+00	America/Mexico_City	00:00:00
2bd52338-3471-427e-b940-a97f0dfa4de2	c48ab98e-d638-4646-b278-7256050e5b04	2025-07-11	2985	P003	76.0	2399.56	34.0	32.0	\N	2025-08-19 01:14:19.683604+00	2025-08-19 01:29:57.368272+00	baf175a7-fcf7-4e71-b18f-e952d8802129	REMISION_LINKED	2985	\N	{"fc": 350, "valor_edad": 14, "unidad_edad": "HORA"}	f	SYNCED	\N	2025-07-11 16:38:00+00	America/Mexico_City	16:38:00
085adff9-1835-4707-aef1-43f3710a6c34	7674a438-6391-44d2-a647-7f78ffd57ed5	2025-07-11	2989	P003	75.0	2419.64	29.0	32.0	\N	2025-08-19 01:14:19.683604+00	2025-08-19 01:29:57.368272+00	baf175a7-fcf7-4e71-b18f-e952d8802129	REMISION_LINKED	2989	\N	{"fc": 350, "valor_edad": 14, "unidad_edad": "HORA"}	f	SYNCED	\N	2025-07-11 17:22:00+00	America/Mexico_City	17:22:00
a2c06df8-9da8-4128-936f-0d5308bde04d	3128c007-e7c1-4592-8010-63a6266f1483	2025-07-11	2997	P003	74.0	2401.56	26.0	31.0	\N	2025-08-19 01:14:19.683604+00	2025-08-19 01:29:57.368272+00	baf175a7-fcf7-4e71-b18f-e952d8802129	REMISION_LINKED	2997	\N	{"fc": 350, "valor_edad": 14, "unidad_edad": "HORA"}	f	SYNCED	\N	2025-07-11 22:13:00+00	America/Mexico_City	22:13:00
fa11cd5f-52b0-4225-b924-78b094d13299	365d69b1-7278-4405-a85c-f98d2803325f	2025-07-12	3002	P003	75.0	2409.60	36.0	33.0	\N	2025-08-19 01:14:19.683604+00	2025-08-19 01:29:57.368272+00	baf175a7-fcf7-4e71-b18f-e952d8802129	REMISION_LINKED	3002	\N	{"fc": 350, "valor_edad": 18, "unidad_edad": "HORA"}	f	SYNCED	\N	2025-07-12 12:11:00+00	America/Mexico_City	12:11:00
dd9463c5-85b5-41a6-803e-20becfd3fb94	e333cc8c-25ab-4701-b08b-17c16a77dc58	2025-07-12	3006	P003	74.0	2419.64	38.0	34.2	\N	2025-08-19 01:14:19.683604+00	2025-08-19 01:29:57.368272+00	baf175a7-fcf7-4e71-b18f-e952d8802129	REMISION_LINKED	3006	\N	{"fc": 350, "valor_edad": 14, "unidad_edad": "HORA"}	f	SYNCED	\N	2025-07-12 15:47:00+00	America/Mexico_City	15:47:00
0645f3bf-f80a-477c-a455-b5cf6c5bdda6	b2554c0d-6048-4f5d-82c3-8aa52aa729b3	2025-07-11	2976	P003	20.0	2389.53	25.0	27.0	\N	2025-08-19 01:14:19.683604+00	2025-08-19 01:29:57.368272+00	baf175a7-fcf7-4e71-b18f-e952d8802129	REMISION_LINKED	2976	\N	{"fc": 350, "valor_edad": 1, "unidad_edad": "DÍA"}	f	SYNCED	\N	2025-07-11 06:00:00+00	America/Mexico_City	06:00:00
35b25764-cead-41d5-ac4d-4b63dcada600	c04d1643-1852-4c5f-9e41-be9e3ffc252e	2025-07-14	3010	P003	21.0	2987.00	25.0	28.0	\N	2025-08-19 01:14:19.683604+00	2025-08-19 01:29:57.368272+00	baf175a7-fcf7-4e71-b18f-e952d8802129	REMISION_LINKED	3010	\N	{"fc": 350, "valor_edad": 1, "unidad_edad": "DÍA"}	f	SYNCED	\N	2025-07-14 06:00:00+00	America/Mexico_City	06:00:00
1dc6484f-fb9b-4619-9a7e-da74e61fc8b8	68f5d7ea-4cbd-4e0a-92cf-5b09b1dccd09	2025-07-14	3013	P003	73.0	2991.00	37.0	34.0	\N	2025-08-19 01:14:19.683604+00	2025-08-19 01:29:57.368272+00	baf175a7-fcf7-4e71-b18f-e952d8802129	REMISION_LINKED	3013	\N	{"fc": 350, "valor_edad": 14, "unidad_edad": "HORA"}	f	SYNCED	\N	2025-07-14 14:00:00+00	America/Mexico_City	14:00:00
634b7ba2-79f9-4f8e-bd1c-848eae13bb69	97a85365-e79d-439c-b8a8-d9b23677c1f0	2025-07-14	3018	P003	73.0	2997.00	28.0	32.0	\N	2025-08-19 01:14:19.683604+00	2025-08-19 01:29:57.368272+00	baf175a7-fcf7-4e71-b18f-e952d8802129	REMISION_LINKED	3018	\N	{"fc": 350, "valor_edad": 14, "unidad_edad": "HORA"}	f	SYNCED	\N	2025-07-14 17:28:00+00	America/Mexico_City	17:28:00
2931e976-4a74-470e-8e73-1fbed2379341	6ce332c2-eae6-4bb5-898a-495201eaa049	2025-07-14	3023	P003	72.0	2421.00	24.0	29.0	\N	2025-08-19 01:14:19.683604+00	2025-08-19 01:29:57.368272+00	baf175a7-fcf7-4e71-b18f-e952d8802129	REMISION_LINKED	3023	\N	{"fc": 350, "valor_edad": 14, "unidad_edad": "HORA"}	f	SYNCED	\N	2025-07-14 20:32:00+00	America/Mexico_City	20:32:00
b69d969b-d6b1-4014-903f-2a2d85792190	d3503c63-c85f-4c6c-90bc-92fe73aef01e	2025-07-15	3026	P003	21.0	2961.00	24.0	25.0	\N	2025-08-19 01:14:19.683604+00	2025-08-19 01:29:57.368272+00	baf175a7-fcf7-4e71-b18f-e952d8802129	REMISION_LINKED	3026	\N	{"fc": 350, "valor_edad": 1, "unidad_edad": "DÍA"}	f	SYNCED	\N	2025-07-15 06:00:00+00	America/Mexico_City	06:00:00
f8f808c9-26f1-4978-a711-ed31fe29c1d6	e5df4b5b-8678-4f3c-b9e4-f01d182bd2cc	2025-07-15	3030	P003	74.0	3007.00	32.0	31.0	\N	2025-08-19 01:14:19.683604+00	2025-08-19 01:29:57.368272+00	baf175a7-fcf7-4e71-b18f-e952d8802129	REMISION_LINKED	3030	\N	{"fc": 350, "valor_edad": 14, "unidad_edad": "HORA"}	f	SYNCED	\N	2025-07-15 17:35:00+00	America/Mexico_City	17:35:00
40534f99-8a79-4755-8ffb-3e37c31b8d07	9fd0e8b0-5838-443e-aad0-6ccaa5fa7b79	2025-07-15	3035	P003	73.0	2961.00	29.0	31.0	\N	2025-08-19 01:14:19.683604+00	2025-08-19 01:29:57.368272+00	baf175a7-fcf7-4e71-b18f-e952d8802129	REMISION_LINKED	3035	\N	{"fc": 350, "valor_edad": 14, "unidad_edad": "HORA"}	f	SYNCED	\N	2025-07-15 18:50:00+00	America/Mexico_City	18:50:00
d4b8a095-b5c9-41ff-9c1d-b822e59de9e9	fddec030-2726-4040-8853-0b91400d278a	2025-07-15	3040	P003	75.0	2975.00	27.0	29.0	\N	2025-08-19 01:14:19.683604+00	2025-08-19 01:29:57.368272+00	baf175a7-fcf7-4e71-b18f-e952d8802129	REMISION_LINKED	3040	\N	{"fc": 350, "valor_edad": 14, "unidad_edad": "HORA"}	f	SYNCED	\N	2025-07-15 20:00:00+00	America/Mexico_City	20:00:00
5931541b-022e-4770-a262-602a3ef26e61	948ab5c4-ff73-4c37-8d8d-f009edc30fd2	2025-07-15	3046	P003	75.0	2963.00	25.0	30.1	\N	2025-08-19 01:14:19.683604+00	2025-08-19 01:29:57.368272+00	baf175a7-fcf7-4e71-b18f-e952d8802129	REMISION_LINKED	3046	\N	{"fc": 350, "valor_edad": 14, "unidad_edad": "HORA"}	f	SYNCED	\N	2025-07-15 20:50:00+00	America/Mexico_City	20:50:00
baeaf0a8-be25-46a2-92f5-bd251000a906	2d385322-7c76-4920-9e31-724ddba951bc	2025-07-21	3105	P003	21.0	2409.00	25.0	29.0	\N	2025-08-19 01:14:19.683604+00	2025-08-19 01:29:57.368272+00	baf175a7-fcf7-4e71-b18f-e952d8802129	REMISION_LINKED	3105	\N	{"fc": 350, "valor_edad": 14, "unidad_edad": "HORA"}	f	SYNCED	\N	2025-07-21 06:00:00+00	America/Mexico_City	06:00:00
4d61fa48-b75a-4c2d-9e0e-ebb06bda97ce	81035c8c-775f-4ddd-8b06-3315747fe429	2025-07-21	3109	P003	77.0	2399.00	37.0	33.8	\N	2025-08-19 01:14:19.683604+00	2025-08-19 01:29:57.368272+00	baf175a7-fcf7-4e71-b18f-e952d8802129	REMISION_LINKED	3109	\N	{"fc": 350, "valor_edad": 14, "unidad_edad": "HORA"}	f	SYNCED	\N	2025-07-21 14:25:00+00	America/Mexico_City	14:25:00
4e029f02-ba97-4260-9102-7edf208af505	29de3e09-225e-4d61-9d47-71a0b171bbb6	2025-07-21	3114	P003	75.0	2415.00	31.0	33.6	\N	2025-08-19 01:14:19.683604+00	2025-08-19 01:29:57.368272+00	baf175a7-fcf7-4e71-b18f-e952d8802129	REMISION_LINKED	3114	\N	{"fc": 350, "valor_edad": 14, "unidad_edad": "HORA"}	f	SYNCED	\N	2025-07-21 17:27:00+00	America/Mexico_City	17:27:00
db182b7e-fc9a-446d-982d-4857ad129c1e	8c4c9e6c-7cca-42c3-b4b6-4cf2641f97e1	2025-07-21	3119	P003	74.0	2403.00	26.0	29.0	\N	2025-08-19 01:14:19.683604+00	2025-08-19 01:29:57.368272+00	baf175a7-fcf7-4e71-b18f-e952d8802129	REMISION_LINKED	3119	\N	{"fc": 350, "valor_edad": 14, "unidad_edad": "HORA"}	f	SYNCED	\N	2025-07-21 19:57:00+00	America/Mexico_City	19:57:00
f21c2b9d-4629-4c71-8b9d-0d7d5d15cd9b	4deca1f3-441e-433b-946e-e45459b1ecd8	2025-07-28	3215	P003	74.0	2401.00	37.0	34.1	\N	2025-08-19 01:14:19.683604+00	2025-08-19 01:29:57.368272+00	baf175a7-fcf7-4e71-b18f-e952d8802129	REMISION_LINKED	3215	\N	{"fc": 350, "valor_edad": 14, "unidad_edad": "HORA"}	f	SYNCED	\N	2025-07-28 20:38:00+00	America/Mexico_City	20:38:00
e17f6b4f-b285-4119-b9e7-a202b8a4c62a	830b6fc7-3067-4913-89db-6efc878d2fbe	2025-07-16	3048	P003	74.0	2413.00	37.0	33.1	\N	2025-08-19 01:14:19.683604+00	2025-08-19 01:29:57.368272+00	baf175a7-fcf7-4e71-b18f-e952d8802129	REMISION_LINKED	3048	\N	{"fc": 350, "valor_edad": 14, "unidad_edad": "HORA"}	f	SYNCED	\N	2025-07-16 14:34:00+00	America/Mexico_City	14:34:00
fe597b55-b4c4-41ef-b634-c3d61a1521d4	e4499da1-7c45-41d4-853d-9f5b4bab44eb	2025-07-16	3052	P003	73.0	2443.00	29.0	32.0	\N	2025-08-19 01:14:19.683604+00	2025-08-19 01:29:57.368272+00	baf175a7-fcf7-4e71-b18f-e952d8802129	REMISION_LINKED	3052	\N	{"fc": 350, "valor_edad": 14, "unidad_edad": "HORA"}	f	SYNCED	\N	2025-07-16 20:00:00+00	America/Mexico_City	20:00:00
a8809a7a-0feb-433e-9fa9-6345797420d4	733bec47-56e4-40f3-b9b9-f28dee4a3a19	2025-07-17	3054	P003	22.0	2411.00	28.0	25.0	\N	2025-08-19 01:14:19.683604+00	2025-08-19 01:29:57.368272+00	baf175a7-fcf7-4e71-b18f-e952d8802129	REMISION_LINKED	3054	\N	{"fc": 350, "valor_edad": 1, "unidad_edad": "DÍA"}	f	SYNCED	\N	2025-07-17 06:01:00+00	America/Mexico_City	06:01:00
728573bb-712f-4f4f-8a7f-579b29a3258f	22c562a3-1888-4acb-9c24-543c94ea564f	2025-07-17	3059	P003	77.0	2415.00	36.0	33.8	\N	2025-08-19 01:14:19.683604+00	2025-08-19 01:29:57.368272+00	baf175a7-fcf7-4e71-b18f-e952d8802129	REMISION_LINKED	3059	\N	{"fc": 350, "valor_edad": 14, "unidad_edad": "HORA"}	f	SYNCED	\N	2025-07-17 15:03:00+00	America/Mexico_City	15:03:00
857a03d6-a43b-4518-ac01-bb9ba60fd40d	b2e01673-84c4-442c-b076-fa5d1816c63b	2025-07-17	3065	P003	75.0	2409.00	29.0	31.0	\N	2025-08-19 01:14:19.683604+00	2025-08-19 01:29:57.368272+00	baf175a7-fcf7-4e71-b18f-e952d8802129	REMISION_LINKED	3065	\N	{"fc": 350, "valor_edad": 14, "unidad_edad": "HORA"}	f	SYNCED	\N	2025-07-17 18:00:00+00	America/Mexico_City	18:00:00
ab5fc1c7-36a9-489b-988a-c85634745f0c	1ef1984c-42d1-4f9c-a382-02249b1e9318	2025-07-17	3070	P003	75.0	2399.00	27.0	27.0	\N	2025-08-19 01:14:19.683604+00	2025-08-19 01:29:57.368272+00	baf175a7-fcf7-4e71-b18f-e952d8802129	REMISION_LINKED	3070	\N	{"fc": 350, "valor_edad": 14, "unidad_edad": "HORA"}	f	SYNCED	\N	2025-07-17 18:55:00+00	America/Mexico_City	18:55:00
40dfe0e7-940f-45a7-b427-384801f5dfe3	1b60262c-64ee-4332-b652-fd768a11dbaf	2025-07-17	3075	P003	76.0	2405.00	28.0	30.1	\N	2025-08-19 01:14:19.683604+00	2025-08-19 01:29:57.368272+00	baf175a7-fcf7-4e71-b18f-e952d8802129	REMISION_LINKED	3075	\N	{"fc": 350, "valor_edad": 18, "unidad_edad": "HORA"}	f	SYNCED	\N	2025-07-17 20:00:00+00	America/Mexico_City	20:00:00
44bbbe31-91b0-40f8-a769-20cef7ed5237	d9054f82-4d37-46a6-9e57-e7ea4c272ce0	2025-07-18	3079	P003	20.0	2403.00	27.0	28.0	\N	2025-08-19 01:14:19.683604+00	2025-08-19 01:29:57.368272+00	baf175a7-fcf7-4e71-b18f-e952d8802129	REMISION_LINKED	3079	\N	{"fc": 350, "valor_edad": 1, "unidad_edad": "DÍA"}	f	SYNCED	\N	2025-07-18 06:07:00+00	America/Mexico_City	06:07:00
87b00322-37a0-45c7-af42-c08510e578ae	6d5dcdc5-a1c8-475c-95a8-20129b8f7de3	2025-07-18	3083	P003	77.0	2411.00	38.0	34.2	\N	2025-08-19 01:14:19.683604+00	2025-08-19 01:29:57.368272+00	baf175a7-fcf7-4e71-b18f-e952d8802129	REMISION_LINKED	3083	\N	{"fc": 350, "valor_edad": 14, "unidad_edad": "HORA"}	f	SYNCED	\N	2025-07-18 14:34:00+00	America/Mexico_City	14:34:00
8d3290e0-12e2-4cd6-8dba-8a75a234e6f8	0a78638e-1177-4f66-b43a-ce31d4be2438	2025-07-18	3088	P003	74.0	2437.00	25.0	31.0	\N	2025-08-19 01:14:19.683604+00	2025-08-19 01:29:57.368272+00	baf175a7-fcf7-4e71-b18f-e952d8802129	REMISION_LINKED	3088	\N	{"fc": 350, "valor_edad": 14, "unidad_edad": "HORA"}	f	SYNCED	\N	2025-07-18 20:13:00+00	America/Mexico_City	20:13:00
328f56f9-3fd6-4e90-b641-a1e849a9250f	66d65dcc-57d0-43fd-828f-7f8b688d714a	2025-07-19	3090	P003	75.0	2419.00	37.0	31.0	\N	2025-08-19 01:14:19.683604+00	2025-08-19 01:29:57.368272+00	baf175a7-fcf7-4e71-b18f-e952d8802129	REMISION_LINKED	3090	\N	{"fc": 350, "valor_edad": 14, "unidad_edad": "HORA"}	f	SYNCED	\N	2025-07-19 12:49:00+00	America/Mexico_City	12:49:00
804b192c-57a4-4c3f-89a9-bebe4ce76df1	e73631ea-56d5-4d67-a03a-adc8c651d9b6	2025-07-19	3095	P003	77.0	2385.00	37.0	33.8	\N	2025-08-19 01:14:19.683604+00	2025-08-19 01:29:57.368272+00	baf175a7-fcf7-4e71-b18f-e952d8802129	REMISION_LINKED	3095	\N	{"fc": 350, "valor_edad": 14, "unidad_edad": "HORA"}	f	SYNCED	\N	2025-07-19 14:31:00+00	America/Mexico_City	14:31:00
5338a187-4d6e-487d-ad80-16760cb217f5	bc91fb64-2b4e-4ea3-ac03-78c3cb7ea206	2025-07-19	3100	P003	75.0	2403.00	34.0	31.0	\N	2025-08-19 01:14:19.683604+00	2025-08-19 01:29:57.368272+00	baf175a7-fcf7-4e71-b18f-e952d8802129	REMISION_LINKED	3100	\N	{"fc": 350, "valor_edad": 14, "unidad_edad": "HORA"}	f	SYNCED	\N	2025-07-19 16:38:00+00	America/Mexico_City	16:38:00
ed171d58-641f-498a-96e4-590c99a40a87	acfc11b4-b2f3-4472-8df7-d4951794104b	2025-07-22	3124	P003	20.0	2385.00	27.0	28.8	\N	2025-08-19 01:14:19.683604+00	2025-08-19 01:29:57.368272+00	baf175a7-fcf7-4e71-b18f-e952d8802129	REMISION_LINKED	3124	\N	{"fc": 350, "valor_edad": 1, "unidad_edad": "DÍA"}	f	SYNCED	\N	2025-07-22 06:00:00+00	America/Mexico_City	06:00:00
75759cbe-9ad2-4811-bff9-73add74f1bee	372b9f0b-5495-42dc-80d3-13512ca9a063	2025-07-22	3128	P003	76.0	2409.00	36.0	34.0	\N	2025-08-19 01:14:19.683604+00	2025-08-19 01:29:57.368272+00	baf175a7-fcf7-4e71-b18f-e952d8802129	REMISION_LINKED	3128	\N	{"fc": 350, "valor_edad": 14, "unidad_edad": "HORA"}	f	SYNCED	\N	2025-07-22 13:04:00+00	America/Mexico_City	13:04:00
ec81ac34-f3ff-43e1-900f-a1cd69e1580a	071bda68-b694-4f86-b896-62471d6c6c4e	2025-07-22	3132	P003	75.0	2425.00	29.0	29.0	\N	2025-08-19 01:14:19.683604+00	2025-08-19 01:29:57.368272+00	baf175a7-fcf7-4e71-b18f-e952d8802129	REMISION_LINKED	3132	\N	{"fc": 350, "valor_edad": 14, "unidad_edad": "HORA"}	f	SYNCED	\N	2025-07-22 16:53:00+00	America/Mexico_City	16:53:00
910fd70b-8105-48eb-8bde-d6b889d8fa97	0b918675-bcad-4993-adc4-c17324965fa3	2025-07-22	3136	P003	77.0	2403.00	27.0	28.4	\N	2025-08-19 01:14:19.683604+00	2025-08-19 01:29:57.368272+00	baf175a7-fcf7-4e71-b18f-e952d8802129	REMISION_LINKED	3136	\N	{"fc": 350, "valor_edad": 14, "unidad_edad": "HORA"}	f	SYNCED	\N	2025-07-22 18:10:00+00	America/Mexico_City	18:10:00
c8117d63-cee4-4cd7-81af-e72718aadf3e	7418087d-f43d-4aab-8fc9-7e925d774d9e	2025-07-22	3141	P003	74.0	2405.00	26.0	28.0	\N	2025-08-19 01:14:19.683604+00	2025-08-19 01:29:57.368272+00	baf175a7-fcf7-4e71-b18f-e952d8802129	REMISION_LINKED	3141	\N	{"fc": 350, "valor_edad": 14, "unidad_edad": "HORA"}	f	SYNCED	\N	2025-07-22 21:11:00+00	America/Mexico_City	21:11:00
c11bc10d-785e-4014-b1d6-4bcc225d1209	38da7500-177c-428c-9e56-b6ef65fee729	2025-07-23	3147	P003	77.0	2409.00	37.0	34.4	\N	2025-08-19 01:14:19.683604+00	2025-08-19 01:29:57.368272+00	baf175a7-fcf7-4e71-b18f-e952d8802129	REMISION_LINKED	3147	\N	{"fc": 350, "valor_edad": 14, "unidad_edad": "HORA"}	f	SYNCED	\N	2025-07-23 14:32:00+00	America/Mexico_City	14:32:00
d950711a-521e-4e1f-8c37-31431f227336	697d0b1a-71df-4c8f-8ebc-6a1c764bbe2f	2025-07-23	3152	P003	76.0	2399.00	30.0	33.3	\N	2025-08-19 01:14:19.683604+00	2025-08-19 01:29:57.368272+00	baf175a7-fcf7-4e71-b18f-e952d8802129	REMISION_LINKED	3152	\N	{"fc": 350, "valor_edad": 14, "unidad_edad": "HORA"}	f	SYNCED	\N	2025-07-23 17:41:00+00	America/Mexico_City	17:41:00
c4863b9e-b7f0-413d-81d2-d4230d0f1ead	80e609cd-fc9a-4f5a-ae50-389f650dd5a7	2025-07-23	3156	P003	75.0	2433.00	26.0	30.3	\N	2025-08-19 01:14:19.683604+00	2025-08-19 01:29:57.368272+00	baf175a7-fcf7-4e71-b18f-e952d8802129	REMISION_LINKED	3156	\N	{"fc": 350, "valor_edad": 14, "unidad_edad": "HORA"}	f	SYNCED	\N	2025-07-23 19:57:00+00	America/Mexico_City	19:57:00
fde1d1eb-5ffc-48e4-9436-20ab4510925f	648f7c91-8342-49d9-8e9b-45d69ca5be3f	2025-07-07	943	P002	23.0	2327.21	24.0	31.0	\N	2025-08-18 18:27:50.582378+00	2025-08-18 18:27:50.582378+00	836cbbcf-67b2-4534-97cc-b83e71722ff7	REMISION_LINKED	7880	\N	\N	f	SYNCED	\N	2025-07-07 12:40:00+00	America/Mexico_City	12:40:00
96417e60-c5db-4e2c-8e4b-b80bd3030dfc	2fc84bfb-86da-46a0-8521-5c47136e33df	2025-07-07	944	P002	23.0	2275.00	34.0	31.0	\N	2025-08-18 18:27:50.582378+00	2025-08-18 18:27:50.582378+00	836cbbcf-67b2-4534-97cc-b83e71722ff7	REMISION_LINKED	7881	\N	\N	f	SYNCED	\N	2025-07-07 12:00:00+00	America/Mexico_City	12:00:00
f5708b26-b658-4e5f-8af8-0a8da623bcfb	12594af5-d5d0-40eb-9cb1-49a9096a0877	2025-07-09	945	P002	24.0	2324.00	25.0	30.0	\N	2025-08-18 18:27:50.582378+00	2025-08-18 18:27:50.582378+00	836cbbcf-67b2-4534-97cc-b83e71722ff7	REMISION_LINKED	7942	\N	\N	f	SYNCED	\N	2025-07-09 00:58:59+00	America/Mexico_City	00:58:59
f02b361d-5500-4c85-bb9e-1d06349b41b6	1f54397f-9cbb-4288-8567-2bee15541e52	2025-07-09	946	P002	23.0	2294.00	26.0	30.0	\N	2025-08-18 18:27:50.582378+00	2025-08-18 18:27:50.582378+00	836cbbcf-67b2-4534-97cc-b83e71722ff7	REMISION_LINKED	7958	\N	\N	f	SYNCED	\N	2025-07-09 21:27:00+00	America/Mexico_City	21:27:00
4261bc9f-15fe-46d8-8b11-b1e408fae07a	831429cd-ccb6-4dec-8ba9-c1ba5c5ba91c	2025-07-10	947	P002	21.0	2302.00	27.0	29.0	\N	2025-08-18 18:27:50.582378+00	2025-08-18 18:27:50.582378+00	836cbbcf-67b2-4534-97cc-b83e71722ff7	REMISION_LINKED	7969	\N	\N	f	SYNCED	\N	2025-07-10 02:48:00+00	America/Mexico_City	02:48:00
801b7ac6-d36a-43cd-a198-f9d41261a967	5f214c47-e006-4c43-97a5-8e7553841dec	2025-07-10	948	P002	29.0	2316.00	27.0	29.0	\N	2025-08-18 18:27:50.582378+00	2025-08-18 18:27:50.582378+00	836cbbcf-67b2-4534-97cc-b83e71722ff7	REMISION_LINKED	7979	\N	\N	f	SYNCED	\N	2025-07-10 06:33:00+00	America/Mexico_City	06:33:00
e5f74bad-c48d-4bf8-b45e-ce84be8403fb	1fac8688-2cb7-4a80-afb4-88dbc583af27	2025-07-11	949	P002	24.0	2330.00	27.0	30.0	\N	2025-08-18 18:27:50.582378+00	2025-08-18 18:27:50.582378+00	836cbbcf-67b2-4534-97cc-b83e71722ff7	REMISION_LINKED	8005	\N	\N	f	SYNCED	\N	2025-07-11 15:40:59+00	America/Mexico_City	15:40:59
e94a0198-0bd5-46f6-a8d9-0b273e17d265	3f81ac0b-2e64-4eff-acd9-cd53ac79b45c	2025-07-11	950	P002	72.0	2300.00	24.0	31.0	\N	2025-08-18 18:27:50.582378+00	2025-08-18 18:27:50.582378+00	836cbbcf-67b2-4534-97cc-b83e71722ff7	REMISION_LINKED	8010	\N	\N	f	SYNCED	\N	2025-07-11 19:36:59+00	America/Mexico_City	19:36:59
78142686-5a7c-4f78-a97b-3278536f3330	e27d63b4-a3ec-49bd-8beb-673cfcad5e9c	2025-07-11	951	P002	21.0	2318.00	22.0	29.0	\N	2025-08-18 18:27:50.582378+00	2025-08-18 18:27:50.582378+00	836cbbcf-67b2-4534-97cc-b83e71722ff7	REMISION_LINKED	8013	\N	\N	f	SYNCED	\N	2025-07-11 22:32:59+00	America/Mexico_City	22:32:59
a30dde58-03da-48d1-8173-d215bbf1eec7	925343e7-fc20-4316-b4b1-5379605625cf	2025-07-13	952	P002	22.0	2298.00	26.0	26.0	\N	2025-08-18 18:27:50.582378+00	2025-08-18 18:27:50.582378+00	836cbbcf-67b2-4534-97cc-b83e71722ff7	REMISION_LINKED	8036	\N	\N	f	SYNCED	\N	2025-07-13 01:12:00+00	America/Mexico_City	01:12:00
b3abee5d-c996-4534-8d29-7f9b9d8a36a3	8aaf14ac-fcb9-4ba7-affa-8cd8a86032c1	2025-07-15	953	P002	25.0	2330.00	31.0	30.0	\N	2025-08-18 18:27:50.582378+00	2025-08-18 18:27:50.582378+00	836cbbcf-67b2-4534-97cc-b83e71722ff7	REMISION_LINKED	8094	\N	\N	f	SYNCED	\N	2025-07-15 10:00:00+00	America/Mexico_City	10:00:00
ae3dc908-ef57-45b2-8a03-bdde21f67296	79cc229e-b5aa-48e0-9431-90d9d7786e2a	2025-07-15	954	P002	25.0	2324.00	25.0	25.0	\N	2025-08-18 18:27:50.582378+00	2025-08-18 18:27:50.582378+00	836cbbcf-67b2-4534-97cc-b83e71722ff7	REMISION_LINKED	8103	\N	\N	f	SYNCED	\N	2025-07-15 12:04:59+00	America/Mexico_City	12:04:59
f1cc6f09-7646-4da1-b908-d9bca3359d4d	bf130bd2-9dc2-4027-8ad3-41d4f3280582	2025-07-15	955	P002	25.0	2342.00	29.0	31.0	\N	2025-08-18 18:27:50.582378+00	2025-08-18 18:27:50.582378+00	836cbbcf-67b2-4534-97cc-b83e71722ff7	REMISION_LINKED	8115	\N	\N	f	SYNCED	\N	2025-07-15 14:35:00+00	America/Mexico_City	14:35:00
5e297db4-58d7-4aed-bfbd-ecb2d9803e7e	3436fb20-ad79-43e4-8f85-8fa56c5c68d7	2025-07-15	956	P002	21.0	2368.00	29.0	31.0	\N	2025-08-18 18:27:50.582378+00	2025-08-18 18:27:50.582378+00	836cbbcf-67b2-4534-97cc-b83e71722ff7	REMISION_LINKED	8124	\N	\N	f	SYNCED	\N	2025-07-15 18:45:59+00	America/Mexico_City	18:45:59
8fa75e67-5231-45c9-9046-2760eb7310cc	3f8768d1-3849-4a96-943e-6810e5d7d6d3	2025-07-17	957	P002	25.0	2326.00	29.0	31.0	\N	2025-08-18 18:27:50.582378+00	2025-08-18 18:27:50.582378+00	836cbbcf-67b2-4534-97cc-b83e71722ff7	REMISION_LINKED	8163	\N	\N	f	SYNCED	\N	2025-07-17 21:06:00+00	America/Mexico_City	21:06:00
fde7e31d-e249-45b3-a872-3e8bb3e0e054	2492ba67-65da-41c9-9810-b7c06946a73b	2025-07-15	958	P002	16.0	2362.00	27.0	32.0	\N	2025-08-18 18:27:50.582378+00	2025-08-18 18:27:50.582378+00	836cbbcf-67b2-4534-97cc-b83e71722ff7	REMISION_LINKED	8134	\N	\N	f	SYNCED	\N	2025-07-15 08:46:59+00	America/Mexico_City	08:46:59
7f74b9ea-b98c-4453-b945-0f77725a2546	4ddf6a3a-d02b-4d50-b2e1-21bf2f0cd8b0	2025-07-18	959	P002	22.0	2356.00	26.0	29.0	\N	2025-08-18 18:27:50.582378+00	2025-08-18 18:27:50.582378+00	836cbbcf-67b2-4534-97cc-b83e71722ff7	REMISION_LINKED	8171	\N	\N	f	SYNCED	\N	2025-07-18 09:44:00+00	America/Mexico_City	09:44:00
916bd7aa-c598-4a8b-beda-c39fa81be8b5	5d9805dd-c011-4e73-a3f7-158b447a0451	2025-07-19	960	P002	15.0	2362.00	26.0	29.0	\N	2025-08-18 18:27:50.582378+00	2025-08-18 18:27:50.582378+00	836cbbcf-67b2-4534-97cc-b83e71722ff7	REMISION_LINKED	8179	\N	\N	f	SYNCED	\N	2025-07-19 13:30:00+00	America/Mexico_City	13:30:00
a230b786-3216-4505-9e82-aa66e34291a8	cf30b165-fc4d-4adf-a44c-1da394cf3ffe	2025-07-19	961	P002	21.0	2344.00	22.0	28.0	\N	2025-08-18 18:27:50.582378+00	2025-08-18 18:27:50.582378+00	836cbbcf-67b2-4534-97cc-b83e71722ff7	REMISION_LINKED	8200	\N	\N	f	SYNCED	\N	2025-07-19 13:30:00+00	America/Mexico_City	13:30:00
29daf90c-3019-40a6-9cd1-6881477bbd74	cc314b2f-522a-4bb1-ba96-2396024b7988	2025-07-22	962	P002	14.0	2372.00	19.0	29.0	\N	2025-08-18 18:27:50.582378+00	2025-08-18 18:27:50.582378+00	836cbbcf-67b2-4534-97cc-b83e71722ff7	REMISION_LINKED	8234	\N	\N	f	SYNCED	\N	2025-07-22 07:32:59+00	America/Mexico_City	07:32:59
c2798a77-62d5-46e6-b935-3711cd5511ba	a6b009c9-9e10-4e80-88fb-5c9bfb394609	2025-07-23	963	P002	24.0	2336.00	20.0	28.0	\N	2025-08-18 18:27:50.582378+00	2025-08-18 18:27:50.582378+00	836cbbcf-67b2-4534-97cc-b83e71722ff7	REMISION_LINKED	8263	\N	\N	f	SYNCED	\N	2025-07-23 01:16:59+00	America/Mexico_City	01:16:59
9d4e23ea-4082-42d4-9651-5671055bc725	e218d6c7-2edf-4ad5-8687-ef7409f47b96	2025-07-23	964	P002	60.0	2322.00	20.0	31.0	\N	2025-08-18 18:27:50.582378+00	2025-08-18 18:27:50.582378+00	836cbbcf-67b2-4534-97cc-b83e71722ff7	REMISION_LINKED	8295	\N	\N	f	SYNCED	\N	2025-07-23 16:00:00+00	America/Mexico_City	16:00:00
65fbee67-0972-4bcc-9541-81b0ac716c24	38c9cf47-bafd-425c-8263-73f736fc97bd	2025-07-23	965	P002	22.0	2348.00	20.0	29.0	\N	2025-08-18 18:27:50.582378+00	2025-08-18 18:27:50.582378+00	836cbbcf-67b2-4534-97cc-b83e71722ff7	REMISION_LINKED	8308	\N	\N	f	SYNCED	\N	2025-07-23 19:16:59+00	America/Mexico_City	19:16:59
622b7cd7-2a29-45e4-bbdb-a3d282363d4d	3e4bca32-bc45-4bba-bed8-957676cd0b77	2025-07-23	966	P002	20.0	2330.00	18.0	26.0	\N	2025-08-18 18:27:50.582378+00	2025-08-18 18:27:50.582378+00	836cbbcf-67b2-4534-97cc-b83e71722ff7	REMISION_LINKED	8318	\N	\N	f	SYNCED	\N	2025-07-23 22:12:00+00	America/Mexico_City	22:12:00
ba805525-ec95-4b28-b898-41711b77da9a	a6b009c9-9e10-4e80-88fb-5c9bfb394609	2025-07-23	967	P002	24.0	2337.00	20.0	28.0	\N	2025-08-18 18:27:50.582378+00	2025-08-18 18:27:50.582378+00	836cbbcf-67b2-4534-97cc-b83e71722ff7	REMISION_LINKED	8263	\N	\N	f	SYNCED	\N	2025-07-23 01:18:59+00	America/Mexico_City	01:18:59
8dfe3657-63b7-4e23-9f40-f381b568402f	e218d6c7-2edf-4ad5-8687-ef7409f47b96	2025-07-23	968	P002	60.0	2323.00	20.0	31.0	\N	2025-08-18 18:27:50.582378+00	2025-08-18 18:27:50.582378+00	836cbbcf-67b2-4534-97cc-b83e71722ff7	REMISION_LINKED	8295	\N	\N	f	SYNCED	\N	2025-07-23 16:00:00+00	America/Mexico_City	16:00:00
d3a40aa9-3b6b-470f-b3a1-d95331a3876d	38c9cf47-bafd-425c-8263-73f736fc97bd	2025-07-23	969	P002	22.0	2349.00	20.0	29.0	\N	2025-08-18 18:27:50.582378+00	2025-08-18 18:27:50.582378+00	836cbbcf-67b2-4534-97cc-b83e71722ff7	REMISION_LINKED	8308	\N	\N	f	SYNCED	\N	2025-07-23 19:16:59+00	America/Mexico_City	19:16:59
75798ece-9af6-477a-a9e1-cadd45459a66	80b6250e-7f72-47c8-85b9-bb96abb65d4f	2025-07-24	970	P002	14.0	2373.00	24.0	28.0	\N	2025-08-18 18:27:50.582378+00	2025-08-18 18:27:50.582378+00	836cbbcf-67b2-4534-97cc-b83e71722ff7	REMISION_LINKED	8345	\N	\N	f	SYNCED	\N	2025-07-24 10:54:00+00	America/Mexico_City	10:54:00
1e31fd21-63ed-431c-bcdf-e3b36bfcadc5	4bfa4db5-8a90-4a5a-b071-5bdb7664ba5f	2025-07-25	971	P002	13.0	2375.00	23.0	28.0	\N	2025-08-18 18:27:50.582378+00	2025-08-18 18:27:50.582378+00	836cbbcf-67b2-4534-97cc-b83e71722ff7	REMISION_LINKED	8366	\N	\N	f	SYNCED	\N	2025-07-25 08:59:00+00	America/Mexico_City	08:59:00
a34b0349-b0d4-4c89-8e0b-8b68866d4c61	3b35dc1f-4366-48ff-8295-29f5acc1e498	2025-07-26	972	P002	14.0	2355.00	24.0	27.0	\N	2025-08-18 18:27:50.582378+00	2025-08-18 18:27:50.582378+00	836cbbcf-67b2-4534-97cc-b83e71722ff7	REMISION_LINKED	8416	\N	\N	f	SYNCED	\N	2025-07-26 09:13:59+00	America/Mexico_City	09:13:59
3f3e7a68-309e-46ae-bf29-0aa200506fad	b4ba8c5f-3ab6-46fa-aebf-d205e729b204	2025-07-26	973	P002	14.0	2359.00	25.0	29.0	\N	2025-08-18 18:27:50.582378+00	2025-08-18 18:27:50.582378+00	836cbbcf-67b2-4534-97cc-b83e71722ff7	REMISION_LINKED	8418	\N	\N	f	SYNCED	\N	2025-07-26 09:51:59+00	America/Mexico_City	09:51:59
57d7aadd-3cf3-49e4-9b44-cf101555bbaf	289cce4b-91d0-45bf-bb5a-a5fb6000073c	2025-07-28	974	P002	22.0	2347.00	26.0	28.0	\N	2025-08-18 18:27:50.582378+00	2025-08-18 18:27:50.582378+00	836cbbcf-67b2-4534-97cc-b83e71722ff7	REMISION_LINKED	8470	\N	\N	f	SYNCED	\N	2025-07-28 17:50:00+00	America/Mexico_City	17:50:00
b21fb175-407d-4448-9e56-2e5419dc593a	048854fa-c2bd-436e-9c8b-06e1e0c8195b	2025-07-29	975	P002	25.0	2361.00	25.0	29.0	\N	2025-08-18 18:27:50.582378+00	2025-08-18 18:27:50.582378+00	836cbbcf-67b2-4534-97cc-b83e71722ff7	REMISION_LINKED	8488	\N	\N	f	SYNCED	\N	2025-07-29 13:18:59+00	America/Mexico_City	13:18:59
42912f0c-e17e-42f1-a76a-319f5fdad3b1	02149640-6d96-4528-9ba4-b305effe07f7	2025-07-24	3160	P003	21.0	2399.00	27.0	29.0	\N	2025-08-19 01:14:19.683604+00	2025-08-19 01:29:57.368272+00	baf175a7-fcf7-4e71-b18f-e952d8802129	REMISION_LINKED	3160	\N	{"fc": 350, "valor_edad": 24, "unidad_edad": "HORA"}	f	SYNCED	\N	2025-07-24 06:11:00+00	America/Mexico_City	06:11:00
4c3e0159-931d-40c3-9ef0-7aa194989e5b	4de69be6-83bf-41c9-80d4-d41f81b36e36	2025-07-24	3164	P003	77.0	2399.00	38.0	35.3	\N	2025-08-19 01:14:19.683604+00	2025-08-19 01:29:57.368272+00	baf175a7-fcf7-4e71-b18f-e952d8802129	REMISION_LINKED	3164	\N	{"fc": 350, "valor_edad": 14, "unidad_edad": "HORA"}	f	SYNCED	\N	2025-07-24 13:09:00+00	America/Mexico_City	13:09:00
3bf30cb1-2935-4967-a222-aa5668570173	71948eaa-901f-4ea1-aec2-5070032a3263	2025-07-24	3169	P003	76.0	2421.00	32.0	33.4	\N	2025-08-19 01:14:19.683604+00	2025-08-19 01:29:57.368272+00	baf175a7-fcf7-4e71-b18f-e952d8802129	REMISION_LINKED	3169	\N	{"fc": 350, "valor_edad": 14, "unidad_edad": "HORA"}	f	SYNCED	\N	2025-07-24 16:50:00+00	America/Mexico_City	16:50:00
081ed636-e4b8-4ce5-beaf-a90eeac682ad	67ffe53f-1db3-46e6-89cb-573fedebfcbb	2025-07-24	3173	P003	76.0	2401.00	31.0	32.3	\N	2025-08-19 01:14:19.683604+00	2025-08-19 01:29:57.368272+00	baf175a7-fcf7-4e71-b18f-e952d8802129	REMISION_LINKED	3173	\N	{"fc": 350, "valor_edad": 14, "unidad_edad": "HORA"}	f	SYNCED	\N	2025-07-24 17:57:00+00	America/Mexico_City	17:57:00
d488833e-289b-458a-aa50-6e4816569dbc	ba88307b-7ec8-4faf-bd92-34aa1edc7c16	2025-07-24	3174	P003	74.0	2401.00	20.0	22.3	\N	2025-08-19 01:14:19.683604+00	2025-08-19 01:29:57.368272+00	baf175a7-fcf7-4e71-b18f-e952d8802129	REMISION_LINKED	3174	\N	{"fc": 350, "valor_edad": 14, "unidad_edad": "HORA"}	f	SYNCED	\N	2025-07-24 23:50:00+00	America/Mexico_City	23:50:00
94e60c07-9934-4177-84cc-d0f0d3abe312	6c2bb903-2bcc-455f-8820-a40fdcd20511	2025-07-25	3179	P003	21.0	2397.00	26.0	28.0	\N	2025-08-19 01:14:19.683604+00	2025-08-19 01:29:57.368272+00	baf175a7-fcf7-4e71-b18f-e952d8802129	REMISION_LINKED	3179	\N	{"fc": 350, "valor_edad": 24, "unidad_edad": "HORA"}	f	SYNCED	\N	2025-07-25 06:00:00+00	America/Mexico_City	06:00:00
aefcfd74-43e9-4703-b20a-1d254259ef2d	48119bce-6367-4b0f-b1c8-9bed813e8e0a	2025-07-25	3184	P003	74.0	2411.00	38.0	35.3	\N	2025-08-19 01:14:19.683604+00	2025-08-19 01:29:57.368272+00	baf175a7-fcf7-4e71-b18f-e952d8802129	REMISION_LINKED	3184	\N	{"fc": 350, "valor_edad": 14, "unidad_edad": "HORA"}	f	SYNCED	\N	2025-07-25 14:39:00+00	America/Mexico_City	14:39:00
ac4040a9-b493-4ffc-8490-7cc469deea34	57b8e466-6a22-47a9-a912-471bd006302f	2025-07-25	3188	P003	75.0	2405.00	31.0	33.3	\N	2025-08-19 01:14:19.683604+00	2025-08-19 01:29:57.368272+00	baf175a7-fcf7-4e71-b18f-e952d8802129	REMISION_LINKED	3188	\N	{"fc": 350, "valor_edad": 14, "unidad_edad": "HORA"}	f	SYNCED	\N	2025-07-25 18:11:00+00	America/Mexico_City	18:11:00
29ab212c-22ae-46cf-b38c-482d68a49b6f	511fab25-0d1c-4e9c-b223-f08a1067052b	2025-07-26	3189	P003	75.0	2415.00	36.0	34.0	\N	2025-08-19 01:14:19.683604+00	2025-08-19 01:29:57.368272+00	baf175a7-fcf7-4e71-b18f-e952d8802129	REMISION_LINKED	3189	\N	{"fc": 350, "valor_edad": 14, "unidad_edad": "HORA"}	f	SYNCED	\N	2025-07-26 12:45:00+00	America/Mexico_City	12:45:00
65280a2e-7822-4963-b1f2-0da6f172163a	1e8f208e-d8cc-43a1-9fb9-324744994999	2025-07-26	3193	P003	74.0	2399.00	35.0	32.0	\N	2025-08-19 01:14:19.683604+00	2025-08-19 01:29:57.368272+00	baf175a7-fcf7-4e71-b18f-e952d8802129	REMISION_LINKED	3193	\N	{"fc": 350, "valor_edad": 14, "unidad_edad": "HORA"}	f	SYNCED	\N	2025-07-26 16:34:00+00	America/Mexico_City	16:34:00
ace51938-96b0-4f45-8d6a-a1e5b5e0736e	b1c06bf9-fc86-488d-8063-184408a8008f	2025-07-26	3197	P003	77.0	2403.00	35.0	30.0	\N	2025-08-19 01:14:19.683604+00	2025-08-19 01:29:57.368272+00	baf175a7-fcf7-4e71-b18f-e952d8802129	REMISION_LINKED	3197	\N	{"fc": 350, "valor_edad": 14, "unidad_edad": "HORA"}	f	SYNCED	\N	2025-07-26 17:29:00+00	America/Mexico_City	17:29:00
860eb7c9-6215-48f2-bb44-33046a583081	a7111bc2-a4ca-4ebf-b69f-94916f58127e	2025-07-26	3202	P003	74.0	2399.00	32.0	30.0	\N	2025-08-19 01:14:19.683604+00	2025-08-19 01:29:57.368272+00	baf175a7-fcf7-4e71-b18f-e952d8802129	REMISION_LINKED	3202	\N	{"fc": 350, "valor_edad": 14, "unidad_edad": "HORA"}	f	SYNCED	\N	2025-07-26 18:29:00+00	America/Mexico_City	18:29:00
4f24fe24-091c-4c74-a09d-c631bfea3a70	c812c75d-8d2f-4e62-90da-df703158d964	2025-07-26	3206	P003	77.0	2399.00	29.0	30.0	\N	2025-08-19 01:14:19.683604+00	2025-08-19 01:29:57.368272+00	baf175a7-fcf7-4e71-b18f-e952d8802129	REMISION_LINKED	3206	\N	{"fc": 350, "valor_edad": 14, "unidad_edad": "HORA"}	f	SYNCED	\N	2025-07-26 19:18:00+00	America/Mexico_City	19:18:00
58da417d-a0fc-4b65-8d89-6e201d8b13ab	ade1271a-e5fa-43dd-aac0-c2db97a1b98a	2025-07-28	3210	P003	21.0	2399.00	37.0	34.3	\N	2025-08-19 01:14:19.683604+00	2025-08-19 01:29:57.368272+00	baf175a7-fcf7-4e71-b18f-e952d8802129	REMISION_LINKED	3210	\N	{"fc": 350, "valor_edad": 24, "unidad_edad": "HORA"}	f	SYNCED	\N	2025-07-28 06:08:00+00	America/Mexico_City	06:08:00
71ce1adb-c3ee-43c3-832d-ddf569d7de8b	a58cdc19-310a-4a0a-b1f1-72b43b3c27ef	2025-07-28	3219	P003	76.0	2399.00	27.0	29.4	\N	2025-08-19 01:14:19.683604+00	2025-08-19 01:29:57.368272+00	baf175a7-fcf7-4e71-b18f-e952d8802129	REMISION_LINKED	3219	\N	{"fc": 350, "valor_edad": 14, "unidad_edad": "HORA"}	f	SYNCED	\N	2025-07-28 21:43:00+00	America/Mexico_City	21:43:00
4bda31f8-018c-4c34-bc42-95f2c5103ddf	545d060f-677f-47c7-9992-4dd214be1c4e	2025-07-28	3223	P003	75.0	2403.00	25.0	28.4	\N	2025-08-19 01:14:19.683604+00	2025-08-19 01:29:57.368272+00	baf175a7-fcf7-4e71-b18f-e952d8802129	REMISION_LINKED	3223	\N	{"fc": 350, "valor_edad": 14, "unidad_edad": "HORA"}	f	SYNCED	\N	2025-07-28 22:45:00+00	America/Mexico_City	22:45:00
d3cfffc4-6117-4cc9-bc59-f1ed0f53da78	38bb1e64-9117-4825-9463-3731459f3411	2025-07-29	3227	P003	74.0	2409.00	30.0	33.4	\N	2025-08-19 01:14:19.683604+00	2025-08-19 01:29:57.368272+00	baf175a7-fcf7-4e71-b18f-e952d8802129	REMISION_LINKED	3227	\N	{"fc": 350, "valor_edad": 14, "unidad_edad": "HORA"}	f	SYNCED	\N	2025-07-29 17:00:00+00	America/Mexico_City	17:00:00
177e2262-4ca9-4e97-b425-1e6a22f8bc3a	7b0420df-6458-4707-aa26-565a601037d8	2025-07-29	3234	P003	73.0	2409.00	23.0	26.3	\N	2025-08-19 01:14:19.683604+00	2025-08-19 01:29:57.368272+00	baf175a7-fcf7-4e71-b18f-e952d8802129	REMISION_LINKED	3234	\N	{"fc": 350, "valor_edad": 14, "unidad_edad": "HORA"}	f	SYNCED	\N	2025-07-29 22:27:00+00	America/Mexico_City	22:27:00
9e7e25b1-7415-40ea-8898-038070986f84	6de71856-40ac-4fe3-8d66-367790411247	2025-07-29	3235	P003	73.0	2399.00	34.0	32.5	\N	2025-08-19 01:14:19.683604+00	2025-08-19 01:29:57.368272+00	baf175a7-fcf7-4e71-b18f-e952d8802129	REMISION_LINKED	3235	\N	{"fc": 350, "valor_edad": 14, "unidad_edad": "HORA"}	f	SYNCED	\N	2025-07-29 16:42:00+00	America/Mexico_City	16:42:00
18392c1a-39bd-494b-ab7f-d62432b0f287	68adf2fd-0fd3-411b-a5f0-d315d7c422d8	2025-07-30	3241	P003	77.0	2389.00	33.0	32.4	\N	2025-08-19 01:14:19.683604+00	2025-08-19 01:29:57.368272+00	baf175a7-fcf7-4e71-b18f-e952d8802129	REMISION_LINKED	3241	\N	{"fc": 350, "valor_edad": 14, "unidad_edad": "HORA"}	f	SYNCED	\N	2025-07-30 17:53:00+00	America/Mexico_City	17:53:00
42c37b0d-d115-4e16-93ac-594956a97501	f8a0bb8e-9eae-4673-9c3d-7d8492cab561	2025-07-30	3246	P003	73.0	2389.00	29.0	28.0	\N	2025-08-19 01:14:19.683604+00	2025-08-19 01:29:57.368272+00	baf175a7-fcf7-4e71-b18f-e952d8802129	REMISION_LINKED	3246	\N	{"fc": 350, "valor_edad": 14, "unidad_edad": "HORA"}	f	SYNCED	\N	2025-07-30 20:13:00+00	America/Mexico_City	20:13:00
009cba1a-0307-4de9-9032-68ab6c7af05f	ddb3037d-2729-4032-ad02-ad1b23d6e9ad	2025-07-31	3251	P003	74.0	2419.00	35.0	33.8	\N	2025-08-19 01:14:19.683604+00	2025-08-19 01:29:57.368272+00	baf175a7-fcf7-4e71-b18f-e952d8802129	REMISION_LINKED	3251	\N	{"fc": 350, "valor_edad": 14, "unidad_edad": "HORA"}	f	SYNCED	\N	2025-07-31 16:36:00+00	America/Mexico_City	16:36:00
c7001eff-0f00-4fff-902c-ecb313a71927	2db3105b-bc9d-4531-9b05-95eb8f47fee6	2025-07-31	3255	P003	74.0	2399.00	35.0	33.6	\N	2025-08-19 01:14:19.683604+00	2025-08-19 01:29:57.368272+00	baf175a7-fcf7-4e71-b18f-e952d8802129	REMISION_LINKED	3255	\N	{"fc": 350, "valor_edad": 14, "unidad_edad": "HORA"}	f	SYNCED	\N	2025-07-31 17:30:00+00	America/Mexico_City	17:30:00
0832dc90-be92-4ba0-ba1d-d319171cdc87	058b9f6b-291f-4881-8caa-d2bbc9b10740	2025-07-31	3259	P003	74.0	2409.00	30.0	29.7	\N	2025-08-19 01:14:19.683604+00	2025-08-19 01:29:57.368272+00	baf175a7-fcf7-4e71-b18f-e952d8802129	REMISION_LINKED	3259	\N	{"fc": 350, "valor_edad": 14, "unidad_edad": "HORA"}	f	SYNCED	\N	2025-07-31 18:51:00+00	America/Mexico_City	18:51:00
