fa9dc00e-912a-40b2-b423-a32c52a62e3d	ab5fc1c7-36a9-489b-988a-c85634745f0c	CUBO	M2	2025-07-19	ENSAYADO	2025-08-19 01:16:33.140305+00	2025-08-19 01:17:15.627954+00	baf175a7-fcf7-4e71-b18f-e952d8802129	\N	10	\N	\N	\N	2025-07-19 20:55:00+00	America/Mexico_City
ac541bcb-c30c-4cb0-a77d-d691aa43de56	40dfe0e7-940f-45a7-b427-384801f5dfe3	CUBO	M1	2025-07-19	ENSAYADO	2025-08-19 01:16:33.140305+00	2025-08-19 01:17:15.627954+00	baf175a7-fcf7-4e71-b18f-e952d8802129	\N	10	\N	\N	\N	2025-07-19 04:00:00+00	America/Mexico_City
7d9a7fb8-ebc6-4754-8d47-95340954487a	a8809a7a-0feb-433e-9fa9-6345797420d4	CUBO	M1	2025-07-18	ENSAYADO	2025-08-19 01:16:33.140305+00	2025-08-19 01:17:15.627954+00	baf175a7-fcf7-4e71-b18f-e952d8802129	\N	10	\N	\N	\N	2025-07-18 20:01:00+00	America/Mexico_City
675bdb53-0324-44cb-91e1-9fb913d2a1d4	a8809a7a-0feb-433e-9fa9-6345797420d4	CUBO	M2	2025-07-19	ENSAYADO	2025-08-19 01:16:33.140305+00	2025-08-19 01:17:15.627954+00	baf175a7-fcf7-4e71-b18f-e952d8802129	\N	10	\N	\N	\N	2025-07-19 18:01:00+00	America/Mexico_City
c72b5f01-3ff7-4f92-a0f6-3fa951dab22d	728573bb-712f-4f4f-8a7f-579b29a3258f	CUBO	M1	2025-07-18	ENSAYADO	2025-08-19 01:16:33.140305+00	2025-08-19 01:17:15.627954+00	baf175a7-fcf7-4e71-b18f-e952d8802129	\N	10	\N	\N	\N	2025-07-18 19:03:00+00	America/Mexico_City
a23390f6-ae1b-470c-9174-2504d7b2bc6c	728573bb-712f-4f4f-8a7f-579b29a3258f	CUBO	M2	2025-07-19	ENSAYADO	2025-08-19 01:16:33.140305+00	2025-08-19 01:17:15.627954+00	baf175a7-fcf7-4e71-b18f-e952d8802129	\N	10	\N	\N	\N	2025-07-19 17:03:00+00	America/Mexico_City
5b837c61-4de0-4e36-bf4e-edfd3e05343e	857a03d6-a43b-4518-ac01-bb9ba60fd40d	CUBO	M1	2025-07-18	ENSAYADO	2025-08-19 01:16:33.140305+00	2025-08-19 01:17:15.627954+00	baf175a7-fcf7-4e71-b18f-e952d8802129	\N	10	\N	\N	\N	2025-07-18 22:00:00+00	America/Mexico_City
23c5af31-d9a8-4791-8d7a-883d24adc2f5	857a03d6-a43b-4518-ac01-bb9ba60fd40d	CUBO	M2	2025-07-19	ENSAYADO	2025-08-19 01:16:33.140305+00	2025-08-19 01:17:15.627954+00	baf175a7-fcf7-4e71-b18f-e952d8802129	\N	10	\N	\N	\N	2025-07-19 20:00:00+00	America/Mexico_City
406838a8-c84a-49f2-88a6-974284074a26	ab5fc1c7-36a9-489b-988a-c85634745f0c	CUBO	M1	2025-07-18	ENSAYADO	2025-08-19 01:16:33.140305+00	2025-08-19 01:17:15.627954+00	baf175a7-fcf7-4e71-b18f-e952d8802129	\N	10	\N	\N	\N	2025-07-18 22:55:00+00	America/Mexico_City
2c97a655-4f7f-47d0-8131-da1ba01f1518	40dfe0e7-940f-45a7-b427-384801f5dfe3	CUBO	M2	2025-07-20	ENSAYADO	2025-08-19 01:16:33.140305+00	2025-08-19 01:17:15.627954+00	baf175a7-fcf7-4e71-b18f-e952d8802129	\N	10	\N	\N	\N	2025-07-20 02:00:00+00	America/Mexico_City
f5ac4617-1eb5-45cb-ab4b-075c3e819a61	44bbbe31-91b0-40f8-a769-20cef7ed5237	CUBO	M1	2025-07-19	ENSAYADO	2025-08-19 01:16:33.140305+00	2025-08-19 01:17:15.627954+00	baf175a7-fcf7-4e71-b18f-e952d8802129	\N	10	\N	\N	\N	2025-07-19 20:07:00+00	America/Mexico_City
19c05112-213c-4a9d-a9c8-aaf479b7a923	44bbbe31-91b0-40f8-a769-20cef7ed5237	CUBO	M2	2025-07-20	ENSAYADO	2025-08-19 01:16:33.140305+00	2025-08-19 01:17:15.627954+00	baf175a7-fcf7-4e71-b18f-e952d8802129	\N	10	\N	\N	\N	2025-07-20 18:07:00+00	America/Mexico_City
0b7cdeb2-1399-448c-9cce-80a519ec6e2a	87b00322-37a0-45c7-af42-c08510e578ae	CUBO	M1	2025-07-19	ENSAYADO	2025-08-19 01:16:33.140305+00	2025-08-19 01:17:15.627954+00	baf175a7-fcf7-4e71-b18f-e952d8802129	\N	10	\N	\N	\N	2025-07-19 18:34:00+00	America/Mexico_City
8766a389-439c-4333-a670-ad045a7ad896	87b00322-37a0-45c7-af42-c08510e578ae	CUBO	M2	2025-07-20	ENSAYADO	2025-08-19 01:16:33.140305+00	2025-08-19 01:17:15.627954+00	baf175a7-fcf7-4e71-b18f-e952d8802129	\N	10	\N	\N	\N	2025-07-20 16:34:00+00	America/Mexico_City
ce9e0b3a-93fa-411b-a2cb-73a2ce8aff2d	8d3290e0-12e2-4cd6-8dba-8a75a234e6f8	CUBO	M1	2025-07-20	ENSAYADO	2025-08-19 01:16:33.140305+00	2025-08-19 01:17:15.627954+00	baf175a7-fcf7-4e71-b18f-e952d8802129	\N	10	\N	\N	\N	2025-07-20 00:13:00+00	America/Mexico_City
e90db931-9e1a-4656-9201-0378e0b6b386	8d3290e0-12e2-4cd6-8dba-8a75a234e6f8	CUBO	M2	2025-07-20	ENSAYADO	2025-08-19 01:16:33.140305+00	2025-08-19 01:17:15.627954+00	baf175a7-fcf7-4e71-b18f-e952d8802129	\N	10	\N	\N	\N	2025-07-20 22:13:00+00	America/Mexico_City
4a29456e-7690-448d-87eb-f6c7405cd824	328f56f9-3fd6-4e90-b641-a1e849a9250f	CUBO	M1	2025-07-20	ENSAYADO	2025-08-19 01:16:33.140305+00	2025-08-19 01:17:15.627954+00	baf175a7-fcf7-4e71-b18f-e952d8802129	\N	10	\N	\N	\N	2025-07-20 16:49:00+00	America/Mexico_City
620624f6-3cb1-4ee7-bfbf-98fba08ccebf	328f56f9-3fd6-4e90-b641-a1e849a9250f	CUBO	M2	2025-07-21	ENSAYADO	2025-08-19 01:16:33.140305+00	2025-08-19 01:17:15.627954+00	baf175a7-fcf7-4e71-b18f-e952d8802129	\N	10	\N	\N	\N	2025-07-21 14:49:00+00	America/Mexico_City
b7eebc3d-c75f-4544-8516-b35add80ca2d	804b192c-57a4-4c3f-89a9-bebe4ce76df1	CUBO	M1	2025-07-20	ENSAYADO	2025-08-19 01:16:33.140305+00	2025-08-19 01:17:15.627954+00	baf175a7-fcf7-4e71-b18f-e952d8802129	\N	10	\N	\N	\N	2025-07-20 18:31:00+00	America/Mexico_City
549c30d4-b53b-49dc-9462-238db66b487f	804b192c-57a4-4c3f-89a9-bebe4ce76df1	CUBO	M2	2025-07-21	ENSAYADO	2025-08-19 01:16:33.140305+00	2025-08-19 01:17:15.627954+00	baf175a7-fcf7-4e71-b18f-e952d8802129	\N	10	\N	\N	\N	2025-07-21 16:31:00+00	America/Mexico_City
b00969b5-c614-4543-bfcb-acec9fac841c	5338a187-4d6e-487d-ad80-16760cb217f5	CUBO	M1	2025-07-20	ENSAYADO	2025-08-19 01:16:33.140305+00	2025-08-19 01:17:15.627954+00	baf175a7-fcf7-4e71-b18f-e952d8802129	\N	10	\N	\N	\N	2025-07-20 20:38:00+00	America/Mexico_City
6d25cbf0-fec4-42f1-9511-3fb70a734b26	5338a187-4d6e-487d-ad80-16760cb217f5	CUBO	M2	2025-07-21	ENSAYADO	2025-08-19 01:16:33.140305+00	2025-08-19 01:17:15.627954+00	baf175a7-fcf7-4e71-b18f-e952d8802129	\N	10	\N	\N	\N	2025-07-21 18:38:00+00	America/Mexico_City
b9e5d2e7-dcb2-42a0-a9ed-be15add4c9eb	baeaf0a8-be25-46a2-92f5-bd251000a906	CUBO	M1	2025-07-22	ENSAYADO	2025-08-19 01:16:33.140305+00	2025-08-19 01:17:15.627954+00	baf175a7-fcf7-4e71-b18f-e952d8802129	\N	10	\N	\N	\N	2025-07-22 10:00:00+00	America/Mexico_City
8d717649-8b88-498a-ae20-cb68d812e95e	baeaf0a8-be25-46a2-92f5-bd251000a906	CUBO	M3	2025-07-24	ENSAYADO	2025-08-19 01:16:33.140305+00	2025-08-19 01:17:15.627954+00	baf175a7-fcf7-4e71-b18f-e952d8802129	\N	10	\N	\N	\N	2025-07-24 06:00:00+00	America/Mexico_City
38cd73f0-e439-421f-867e-db4ff462649a	4d61fa48-b75a-4c2d-9e0e-ebb06bda97ce	CUBO	M1	2025-07-22	ENSAYADO	2025-08-19 01:16:33.140305+00	2025-08-19 01:17:15.627954+00	baf175a7-fcf7-4e71-b18f-e952d8802129	\N	10	\N	\N	\N	2025-07-22 18:25:00+00	America/Mexico_City
675d8f36-e2d4-475a-8774-4c927c338cda	4e029f02-ba97-4260-9102-7edf208af505	CUBO	M1	2025-07-22	ENSAYADO	2025-08-19 01:16:33.140305+00	2025-08-19 01:17:15.627954+00	baf175a7-fcf7-4e71-b18f-e952d8802129	\N	10	\N	\N	\N	2025-07-22 21:27:00+00	America/Mexico_City
707d468b-dbbc-4698-8f54-68010abbfc5c	db182b7e-fc9a-446d-982d-4857ad129c1e	CUBO	M1	2025-07-22	ENSAYADO	2025-08-19 01:16:33.140305+00	2025-08-19 01:17:15.627954+00	baf175a7-fcf7-4e71-b18f-e952d8802129	\N	10	\N	\N	\N	2025-07-22 23:57:00+00	America/Mexico_City
ee2869ac-4928-454a-bac7-a8cad7195361	ed171d58-641f-498a-96e4-590c99a40a87	CUBO	M1	2025-07-23	ENSAYADO	2025-08-19 01:16:33.140305+00	2025-08-19 01:17:15.627954+00	baf175a7-fcf7-4e71-b18f-e952d8802129	\N	10	\N	\N	\N	2025-07-23 20:00:00+00	America/Mexico_City
bee0cdf3-f4f4-4628-9a6c-121048efa907	ed171d58-641f-498a-96e4-590c99a40a87	CUBO	M3	2025-07-25	ENSAYADO	2025-08-19 01:16:33.140305+00	2025-08-19 01:17:15.627954+00	baf175a7-fcf7-4e71-b18f-e952d8802129	\N	10	\N	\N	\N	2025-07-25 06:00:00+00	America/Mexico_City
ea8d30d4-db7a-413d-a5e3-288c1ce68b51	75759cbe-9ad2-4811-bff9-73add74f1bee	CUBO	M1	2025-07-23	ENSAYADO	2025-08-19 01:16:33.140305+00	2025-08-19 01:17:15.627954+00	baf175a7-fcf7-4e71-b18f-e952d8802129	\N	10	\N	\N	\N	2025-07-23 17:04:00+00	America/Mexico_City
db28e4b3-4695-4ab7-9f5b-f9b87f3159fe	75759cbe-9ad2-4811-bff9-73add74f1bee	CUBO	M2	2025-07-24	ENSAYADO	2025-08-19 01:16:33.140305+00	2025-08-19 01:17:15.627954+00	baf175a7-fcf7-4e71-b18f-e952d8802129	\N	10	\N	\N	\N	2025-07-24 15:04:00+00	America/Mexico_City
6cd4d29b-7d18-4efd-8e37-9da1357961ae	ec81ac34-f3ff-43e1-900f-a1cd69e1580a	CUBO	M1	2025-07-23	ENSAYADO	2025-08-19 01:16:33.140305+00	2025-08-19 01:17:15.627954+00	baf175a7-fcf7-4e71-b18f-e952d8802129	\N	10	\N	\N	\N	2025-07-23 20:53:00+00	America/Mexico_City
21a2ec15-4213-4685-8d23-d4ca7a852f8a	ec81ac34-f3ff-43e1-900f-a1cd69e1580a	CUBO	M2	2025-07-24	ENSAYADO	2025-08-19 01:16:33.140305+00	2025-08-19 01:17:15.627954+00	baf175a7-fcf7-4e71-b18f-e952d8802129	\N	10	\N	\N	\N	2025-07-24 18:53:00+00	America/Mexico_City
88bc9e72-ae9e-46ea-ad4e-c25c56c55b54	910fd70b-8105-48eb-8bde-d6b889d8fa97	CUBO	M1	2025-07-23	ENSAYADO	2025-08-19 01:16:33.140305+00	2025-08-19 01:17:15.627954+00	baf175a7-fcf7-4e71-b18f-e952d8802129	\N	10	\N	\N	\N	2025-07-23 22:10:00+00	America/Mexico_City
d38bda31-c315-4a72-bdfd-1a1c75b5e622	910fd70b-8105-48eb-8bde-d6b889d8fa97	CUBO	M2	2025-07-24	ENSAYADO	2025-08-19 01:16:33.140305+00	2025-08-19 01:17:15.627954+00	baf175a7-fcf7-4e71-b18f-e952d8802129	\N	10	\N	\N	\N	2025-07-24 20:10:00+00	America/Mexico_City
851361e8-06e7-4738-ad32-e2f6d23c51e9	c8117d63-cee4-4cd7-81af-e72718aadf3e	CUBO	M1	2025-07-24	ENSAYADO	2025-08-19 01:16:33.140305+00	2025-08-19 01:17:15.627954+00	baf175a7-fcf7-4e71-b18f-e952d8802129	\N	10	\N	\N	\N	2025-07-24 01:11:00+00	America/Mexico_City
61b1b4ba-6a69-4d8f-a908-3c8c1cb72752	c8117d63-cee4-4cd7-81af-e72718aadf3e	CUBO	M2	2025-07-24	ENSAYADO	2025-08-19 01:16:33.140305+00	2025-08-19 01:17:15.627954+00	baf175a7-fcf7-4e71-b18f-e952d8802129	\N	10	\N	\N	\N	2025-07-24 23:11:00+00	America/Mexico_City
7b3f612c-fcde-4595-ba68-fdec5cc3655b	c11bc10d-785e-4014-b1d6-4bcc225d1209	CUBO	M1	2025-07-24	ENSAYADO	2025-08-19 01:16:33.140305+00	2025-08-19 01:17:15.627954+00	baf175a7-fcf7-4e71-b18f-e952d8802129	\N	10	\N	\N	\N	2025-07-24 18:32:00+00	America/Mexico_City
b8a47f3a-b381-4459-9b42-58d7f896d928	c11bc10d-785e-4014-b1d6-4bcc225d1209	CUBO	M2	2025-07-25	ENSAYADO	2025-08-19 01:16:33.140305+00	2025-08-19 01:17:15.627954+00	baf175a7-fcf7-4e71-b18f-e952d8802129	\N	10	\N	\N	\N	2025-07-25 16:32:00+00	America/Mexico_City
38a73eaa-ac88-420d-bd41-e99347ca2af4	d950711a-521e-4e1f-8c37-31431f227336	CUBO	M1	2025-07-24	ENSAYADO	2025-08-19 01:16:33.140305+00	2025-08-19 01:17:15.627954+00	baf175a7-fcf7-4e71-b18f-e952d8802129	\N	10	\N	\N	\N	2025-07-24 21:41:00+00	America/Mexico_City
b7ea5e18-0146-41bd-a138-42594261766f	d950711a-521e-4e1f-8c37-31431f227336	CUBO	M2	2025-07-25	ENSAYADO	2025-08-19 01:16:33.140305+00	2025-08-19 01:17:15.627954+00	baf175a7-fcf7-4e71-b18f-e952d8802129	\N	10	\N	\N	\N	2025-07-25 19:41:00+00	America/Mexico_City
929a0e69-ba9d-415d-b1ea-9ec5aff805c7	c4863b9e-b7f0-413d-81d2-d4230d0f1ead	CUBO	M1	2025-07-24	ENSAYADO	2025-08-19 01:16:33.140305+00	2025-08-19 01:17:15.627954+00	baf175a7-fcf7-4e71-b18f-e952d8802129	\N	10	\N	\N	\N	2025-07-24 23:57:00+00	America/Mexico_City
fadcea62-16bc-4540-8956-cd27d0d95860	c4863b9e-b7f0-413d-81d2-d4230d0f1ead	CUBO	M2	2025-07-25	ENSAYADO	2025-08-19 01:16:33.140305+00	2025-08-19 01:17:15.627954+00	baf175a7-fcf7-4e71-b18f-e952d8802129	\N	10	\N	\N	\N	2025-07-25 21:57:00+00	America/Mexico_City
b0c602d4-e3e0-499e-a97f-e8a31b57a459	42912f0c-e17e-42f1-a76a-319f5fdad3b1	CUBO	M1	2025-07-25	ENSAYADO	2025-08-19 01:16:33.140305+00	2025-08-19 01:17:15.627954+00	baf175a7-fcf7-4e71-b18f-e952d8802129	\N	10	\N	\N	\N	2025-07-25 20:11:00+00	America/Mexico_City
a9c0f043-eb88-4028-a699-03988cc72c2c	42912f0c-e17e-42f1-a76a-319f5fdad3b1	CUBO	M2	2025-07-26	ENSAYADO	2025-08-19 01:16:33.140305+00	2025-08-19 01:17:15.627954+00	baf175a7-fcf7-4e71-b18f-e952d8802129	\N	10	\N	\N	\N	2025-07-26 18:11:00+00	America/Mexico_City
5c5e9d68-a000-4863-b054-1d2c4b93ecdc	4c3e0159-931d-40c3-9ef0-7aa194989e5b	CUBO	M1	2025-07-25	ENSAYADO	2025-08-19 01:16:33.140305+00	2025-08-19 01:17:15.627954+00	baf175a7-fcf7-4e71-b18f-e952d8802129	\N	10	\N	\N	\N	2025-07-25 17:09:00+00	America/Mexico_City
7fc62740-4305-4d15-be87-ccb11f25ba97	4c3e0159-931d-40c3-9ef0-7aa194989e5b	CUBO	M2	2025-07-26	ENSAYADO	2025-08-19 01:16:33.140305+00	2025-08-19 01:17:15.627954+00	baf175a7-fcf7-4e71-b18f-e952d8802129	\N	10	\N	\N	\N	2025-07-26 15:09:00+00	America/Mexico_City
327cd9ba-007b-4dd4-befb-37adb50a2f59	3bf30cb1-2935-4967-a222-aa5668570173	CUBO	M1	2025-07-25	ENSAYADO	2025-08-19 01:16:33.140305+00	2025-08-19 01:17:15.627954+00	baf175a7-fcf7-4e71-b18f-e952d8802129	\N	10	\N	\N	\N	2025-07-25 20:50:00+00	America/Mexico_City
87eaf815-7f69-4fff-934d-0332e1cf913c	3bf30cb1-2935-4967-a222-aa5668570173	CUBO	M2	2025-07-26	ENSAYADO	2025-08-19 01:16:33.140305+00	2025-08-19 01:17:15.627954+00	baf175a7-fcf7-4e71-b18f-e952d8802129	\N	10	\N	\N	\N	2025-07-26 18:50:00+00	America/Mexico_City
83a3f777-dac2-4722-917b-5befcc3588df	081ed636-e4b8-4ce5-beaf-a90eeac682ad	CUBO	M1	2025-07-25	ENSAYADO	2025-08-19 01:16:33.140305+00	2025-08-19 01:17:15.627954+00	baf175a7-fcf7-4e71-b18f-e952d8802129	\N	10	\N	\N	\N	2025-07-25 21:57:00+00	America/Mexico_City
47c003b6-fae5-4276-b66b-d03188c6ed46	081ed636-e4b8-4ce5-beaf-a90eeac682ad	CUBO	M2	2025-07-26	ENSAYADO	2025-08-19 01:16:33.140305+00	2025-08-19 01:17:15.627954+00	baf175a7-fcf7-4e71-b18f-e952d8802129	\N	10	\N	\N	\N	2025-07-26 19:57:00+00	America/Mexico_City
e635cb03-5816-4d90-b677-9eb73a8fb896	d488833e-289b-458a-aa50-6e4816569dbc	CUBO	M1	2025-07-26	ENSAYADO	2025-08-19 01:16:33.140305+00	2025-08-19 01:17:15.627954+00	baf175a7-fcf7-4e71-b18f-e952d8802129	\N	10	\N	\N	\N	2025-07-26 03:50:00+00	America/Mexico_City
8dd87756-37ec-432d-ac15-ad3c0be5098a	d488833e-289b-458a-aa50-6e4816569dbc	CUBO	M2	2025-07-27	ENSAYADO	2025-08-19 01:16:33.140305+00	2025-08-19 01:17:15.627954+00	baf175a7-fcf7-4e71-b18f-e952d8802129	\N	10	\N	\N	\N	2025-07-27 01:50:00+00	America/Mexico_City
5e9bdb0c-d601-4294-877d-b9f191a778e6	d488833e-289b-458a-aa50-6e4816569dbc	CUBO	M3	2025-07-27	ENSAYADO	2025-08-19 01:16:33.140305+00	2025-08-19 01:17:15.627954+00	baf175a7-fcf7-4e71-b18f-e952d8802129	\N	10	\N	\N	\N	2025-07-27 23:50:00+00	America/Mexico_City
83bf124b-92fe-4c86-8913-5df86bc9c4a0	94e60c07-9934-4177-84cc-d0f0d3abe312	CUBO	M1	2025-07-26	ENSAYADO	2025-08-19 01:16:33.140305+00	2025-08-19 01:17:15.627954+00	baf175a7-fcf7-4e71-b18f-e952d8802129	\N	10	\N	\N	\N	2025-07-26 20:00:00+00	America/Mexico_City
ffa38e4b-9363-401e-93da-bc6a32797d23	94e60c07-9934-4177-84cc-d0f0d3abe312	CUBO	M2	2025-07-27	ENSAYADO	2025-08-19 01:16:33.140305+00	2025-08-19 01:17:15.627954+00	baf175a7-fcf7-4e71-b18f-e952d8802129	\N	10	\N	\N	\N	2025-07-27 18:00:00+00	America/Mexico_City
7d1d7ee5-f4e1-4876-a603-75e1c27e7823	aefcfd74-43e9-4703-b20a-1d254259ef2d	CUBO	M1	2025-07-26	ENSAYADO	2025-08-19 01:16:33.140305+00	2025-08-19 01:17:15.627954+00	baf175a7-fcf7-4e71-b18f-e952d8802129	\N	10	\N	\N	\N	2025-07-26 18:39:00+00	America/Mexico_City
3b5bd0c0-33fe-4580-9ce0-b86fdb9712a7	aefcfd74-43e9-4703-b20a-1d254259ef2d	CUBO	M2	2025-07-27	ENSAYADO	2025-08-19 01:16:33.140305+00	2025-08-19 01:17:15.627954+00	baf175a7-fcf7-4e71-b18f-e952d8802129	\N	10	\N	\N	\N	2025-07-27 16:39:00+00	America/Mexico_City
ee8e363c-d525-4090-92a7-e925ff82a1e5	ac4040a9-b493-4ffc-8490-7cc469deea34	CUBO	M1	2025-07-26	ENSAYADO	2025-08-19 01:16:33.140305+00	2025-08-19 01:17:15.627954+00	baf175a7-fcf7-4e71-b18f-e952d8802129	\N	10	\N	\N	\N	2025-07-26 22:11:00+00	America/Mexico_City
5983103b-72b1-46b9-9084-527bf0d8c1a4	ac4040a9-b493-4ffc-8490-7cc469deea34	CUBO	M2	2025-07-27	ENSAYADO	2025-08-19 01:16:33.140305+00	2025-08-19 01:17:15.627954+00	baf175a7-fcf7-4e71-b18f-e952d8802129	\N	10	\N	\N	\N	2025-07-27 20:11:00+00	America/Mexico_City
6a8b60b8-73f5-4ddc-add2-db8447bd5580	29ab212c-22ae-46cf-b38c-482d68a49b6f	CUBO	M1	2025-07-27	ENSAYADO	2025-08-19 01:16:33.140305+00	2025-08-19 01:17:15.627954+00	baf175a7-fcf7-4e71-b18f-e952d8802129	\N	10	\N	\N	\N	2025-07-27 16:45:00+00	America/Mexico_City
e2735d85-dcc2-4cc1-aaae-00a8c29df4f1	29ab212c-22ae-46cf-b38c-482d68a49b6f	CUBO	M2	2025-07-28	ENSAYADO	2025-08-19 01:16:33.140305+00	2025-08-19 01:17:15.627954+00	baf175a7-fcf7-4e71-b18f-e952d8802129	\N	10	\N	\N	\N	2025-07-28 14:45:00+00	America/Mexico_City
d94574b0-ab9e-449e-a64a-a6aba5de0b72	65280a2e-7822-4963-b1f2-0da6f172163a	CUBO	M1	2025-07-27	ENSAYADO	2025-08-19 01:16:33.140305+00	2025-08-19 01:17:15.627954+00	baf175a7-fcf7-4e71-b18f-e952d8802129	\N	10	\N	\N	\N	2025-07-27 20:34:00+00	America/Mexico_City
bd2c677e-cbd5-4d83-86fa-a1148f7def1f	65280a2e-7822-4963-b1f2-0da6f172163a	CUBO	M2	2025-07-28	ENSAYADO	2025-08-19 01:16:33.140305+00	2025-08-19 01:17:15.627954+00	baf175a7-fcf7-4e71-b18f-e952d8802129	\N	10	\N	\N	\N	2025-07-28 18:34:00+00	America/Mexico_City
fb59abb1-4b09-4dfa-a578-a84d9dedf321	ace51938-96b0-4f45-8d6a-a1e5b5e0736e	CUBO	M2	2025-07-28	ENSAYADO	2025-08-19 01:16:33.140305+00	2025-08-19 01:17:15.627954+00	baf175a7-fcf7-4e71-b18f-e952d8802129	\N	10	\N	\N	\N	2025-07-28 19:29:00+00	America/Mexico_City
0bb07c71-d6fb-4acb-82d1-1fe4b689ffbd	860eb7c9-6215-48f2-bb44-33046a583081	CUBO	M2	2025-07-28	ENSAYADO	2025-08-19 01:16:33.140305+00	2025-08-19 01:17:15.627954+00	baf175a7-fcf7-4e71-b18f-e952d8802129	\N	10	\N	\N	\N	2025-07-28 20:29:00+00	America/Mexico_City
4cf1eb14-7a19-4449-b386-9b005df6ca5a	4f24fe24-091c-4c74-a09d-c631bfea3a70	CUBO	M1	2025-07-27	ENSAYADO	2025-08-19 01:16:33.140305+00	2025-08-19 01:17:15.627954+00	baf175a7-fcf7-4e71-b18f-e952d8802129	\N	10	\N	\N	\N	2025-07-27 23:18:00+00	America/Mexico_City
0846b8c1-2493-4f56-a4e1-bcc2b101e4f4	4f24fe24-091c-4c74-a09d-c631bfea3a70	CUBO	M2	2025-07-28	ENSAYADO	2025-08-19 01:16:33.140305+00	2025-08-19 01:17:15.627954+00	baf175a7-fcf7-4e71-b18f-e952d8802129	\N	10	\N	\N	\N	2025-07-28 21:18:00+00	America/Mexico_City
28f86f92-b4a2-4677-9d62-b2ecb0224d3b	58da417d-a0fc-4b65-8d89-6e201d8b13ab	CUBO	M1	2025-07-29	ENSAYADO	2025-08-19 01:16:33.140305+00	2025-08-19 01:17:15.627954+00	baf175a7-fcf7-4e71-b18f-e952d8802129	\N	10	\N	\N	\N	2025-07-29 20:08:00+00	America/Mexico_City
e8100dd5-c5f8-49da-94e7-669d9f249505	58da417d-a0fc-4b65-8d89-6e201d8b13ab	CUBO	M2	2025-07-30	ENSAYADO	2025-08-19 01:16:33.140305+00	2025-08-19 01:17:15.627954+00	baf175a7-fcf7-4e71-b18f-e952d8802129	\N	10	\N	\N	\N	2025-07-30 18:08:00+00	America/Mexico_City
cdb46344-c226-4c00-bb3d-7eaa7861f404	f21c2b9d-4629-4c71-8b9d-0d7d5d15cd9b	CUBO	M1	2025-07-30	ENSAYADO	2025-08-19 01:16:33.140305+00	2025-08-19 01:17:15.627954+00	baf175a7-fcf7-4e71-b18f-e952d8802129	\N	10	\N	\N	\N	2025-07-30 00:38:00+00	America/Mexico_City
4c09bb4e-19ce-45f7-b5ad-c90c309b09d4	f21c2b9d-4629-4c71-8b9d-0d7d5d15cd9b	CUBO	M2	2025-07-30	ENSAYADO	2025-08-19 01:16:33.140305+00	2025-08-19 01:17:15.627954+00	baf175a7-fcf7-4e71-b18f-e952d8802129	\N	10	\N	\N	\N	2025-07-30 22:38:00+00	America/Mexico_City
2a21f8c9-5165-4d84-b278-ed2d651a8f46	da9f59d6-5330-4f1d-a859-41a2318ef689	CUBO	M1	2025-07-09	ENSAYADO	2025-08-19 01:16:33.140305+00	2025-08-19 01:17:15.627954+00	baf175a7-fcf7-4e71-b18f-e952d8802129	\N	10	\N	\N	\N	2025-07-09 19:50:00+00	America/Mexico_City
e1802c37-ea3f-4264-b1d7-78b73fab6b60	1b906847-880d-4c3e-9901-1bbec7d9d76c	CUBO	M1	2025-07-09	ENSAYADO	2025-08-19 01:16:33.140305+00	2025-08-19 01:17:15.627954+00	baf175a7-fcf7-4e71-b18f-e952d8802129	\N	10	\N	\N	\N	2025-07-09 18:00:00+00	America/Mexico_City
e29fd1de-97db-4535-b382-10294345eadc	0645f3bf-f80a-477c-a455-b5cf6c5bdda6	CUBO	M1	2025-07-12	ENSAYADO	2025-08-19 01:16:33.140305+00	2025-08-19 01:17:15.627954+00	baf175a7-fcf7-4e71-b18f-e952d8802129	\N	10	\N	\N	\N	2025-07-12 20:00:00+00	America/Mexico_City
8e396ae3-fbff-4f73-bcb5-8be8c2faac94	35b25764-cead-41d5-ac4d-4b63dcada600	CUBO	M1	2025-07-15	ENSAYADO	2025-08-19 01:16:33.140305+00	2025-08-19 01:17:15.627954+00	baf175a7-fcf7-4e71-b18f-e952d8802129	\N	10	\N	\N	\N	2025-07-15 20:00:00+00	America/Mexico_City
2272fdae-2b27-4ea8-b104-140bcb9339f5	1dc6484f-fb9b-4619-9a7e-da74e61fc8b8	CUBO	M1	2025-07-15	ENSAYADO	2025-08-19 01:16:33.140305+00	2025-08-19 01:17:15.627954+00	baf175a7-fcf7-4e71-b18f-e952d8802129	\N	10	\N	\N	\N	2025-07-15 18:00:00+00	America/Mexico_City
3d6d2486-c350-4b16-bbac-bf2aced9900d	634b7ba2-79f9-4f8e-bd1c-848eae13bb69	CUBO	M1	2025-07-15	ENSAYADO	2025-08-19 01:16:33.140305+00	2025-08-19 01:17:15.627954+00	baf175a7-fcf7-4e71-b18f-e952d8802129	\N	10	\N	\N	\N	2025-07-15 21:28:00+00	America/Mexico_City
0fe10d70-165d-4e91-8702-00be55df2999	ace51938-96b0-4f45-8d6a-a1e5b5e0736e	CUBO	M1	2025-07-27	ENSAYADO	2025-08-19 01:16:33.140305+00	2025-08-19 01:17:15.627954+00	baf175a7-fcf7-4e71-b18f-e952d8802129	\N	10	\N	\N	\N	2025-07-27 21:29:00+00	America/Mexico_City
f8be1bb2-b27b-4593-9bc2-6754afbdb35e	860eb7c9-6215-48f2-bb44-33046a583081	CUBO	M1	2025-07-27	ENSAYADO	2025-08-19 01:16:33.140305+00	2025-08-19 01:17:15.627954+00	baf175a7-fcf7-4e71-b18f-e952d8802129	\N	10	\N	\N	\N	2025-07-27 22:29:00+00	America/Mexico_City
eb5bb60b-9c25-434e-a26d-41e964da21fa	2f52f534-4658-4ac5-b80f-a107cfb29b9d	CUBO	M2	2025-07-12	ENSAYADO	2025-08-19 01:16:33.140305+00	2025-08-19 01:17:15.627954+00	baf175a7-fcf7-4e71-b18f-e952d8802129	\N	10	\N	\N	\N	2025-07-12 01:15:00+00	America/Mexico_City
c30cbb0e-753f-41a2-a7f8-111d594a280a	ce0e2ddb-0e4b-407f-bf56-39c046904184	CUBO	M2	2025-07-11	ENSAYADO	2025-08-19 01:16:33.140305+00	2025-08-19 01:17:15.627954+00	baf175a7-fcf7-4e71-b18f-e952d8802129	\N	10	\N	\N	\N	2025-07-11 22:00:00+00	America/Mexico_City
a1addc5d-c1f2-45a3-976d-f1af149fd347	f8f808c9-26f1-4978-a711-ed31fe29c1d6	CUBO	M2	2025-07-17	ENSAYADO	2025-08-19 01:16:33.140305+00	2025-08-19 01:17:15.627954+00	baf175a7-fcf7-4e71-b18f-e952d8802129	\N	10	\N	\N	\N	2025-07-17 19:35:00+00	America/Mexico_City
9be707c5-45d6-4bb2-80c4-fdfde2ba3a7a	40534f99-8a79-4755-8ffb-3e37c31b8d07	CUBO	M2	2025-07-17	ENSAYADO	2025-08-19 01:16:33.140305+00	2025-08-19 01:17:15.627954+00	baf175a7-fcf7-4e71-b18f-e952d8802129	\N	10	\N	\N	\N	2025-07-17 20:50:00+00	America/Mexico_City
666f424c-46ef-4230-8809-08410f6df045	d4b8a095-b5c9-41ff-9c1d-b822e59de9e9	CUBO	M2	2025-07-17	ENSAYADO	2025-08-19 01:16:33.140305+00	2025-08-19 01:17:15.627954+00	baf175a7-fcf7-4e71-b18f-e952d8802129	\N	10	\N	\N	\N	2025-07-17 22:00:00+00	America/Mexico_City
7c302583-483c-49e9-abd3-d2a4b273209a	5931541b-022e-4770-a262-602a3ef26e61	CUBO	M2	2025-07-17	ENSAYADO	2025-08-19 01:16:33.140305+00	2025-08-19 01:17:15.627954+00	baf175a7-fcf7-4e71-b18f-e952d8802129	\N	10	\N	\N	\N	2025-07-17 22:50:00+00	America/Mexico_City
196d1335-11f7-4e98-92b5-2ba250d1551b	e17f6b4f-b285-4119-b9e7-a202b8a4c62a	CUBO	M2	2025-07-18	ENSAYADO	2025-08-19 01:16:33.140305+00	2025-08-19 01:17:15.627954+00	baf175a7-fcf7-4e71-b18f-e952d8802129	\N	10	\N	\N	\N	2025-07-18 16:34:00+00	America/Mexico_City
5d3e5109-8b85-4cf5-821c-bd01a6abe426	f1cc6f09-7646-4da1-b908-d9bca3359d4d	CUBO	M1	2025-08-12	ENSAYADO	2025-08-18 18:28:45.462412+00	2025-08-18 18:30:37.368801+00	836cbbcf-67b2-4534-97cc-b83e71722ff7	\N	15	\N	\N	\N	2025-08-12 08:00:00+00	America/Mexico_City
3466e9f1-0aa5-460e-b9e4-c1382497003a	fde1d1eb-5ffc-48e4-9436-20ab4510925f	CUBO	M3	2025-08-04	PENDIENTE	2025-08-18 18:28:45.462412+00	2025-08-18 18:28:45.462412+00	836cbbcf-67b2-4534-97cc-b83e71722ff7	\N	10.0	\N	\N	\N	2025-08-04 08:00:00+00	America/Mexico_City
f354cd8e-0347-4a49-b98e-a67282c3f55a	fde1d1eb-5ffc-48e4-9436-20ab4510925f	CUBO	M4	2025-08-04	PENDIENTE	2025-08-18 18:28:45.462412+00	2025-08-18 18:28:45.462412+00	836cbbcf-67b2-4534-97cc-b83e71722ff7	\N	10.0	\N	\N	\N	2025-08-04 08:00:00+00	America/Mexico_City
278fb701-eff8-42a4-9f6b-5887a00c19fe	e94a0198-0bd5-46f6-a8d9-0b273e17d265	CUBO	M4	2025-07-14	PENDIENTE	2025-08-18 18:28:45.462412+00	2025-08-18 18:28:45.462412+00	836cbbcf-67b2-4534-97cc-b83e71722ff7	\N	10.0	\N	\N	\N	2025-07-14 08:00:00+00	America/Mexico_City
8d5be666-8f81-4342-9e84-a29f01f8a359	b3abee5d-c996-4534-8d29-7f9b9d8a36a3	CUBO	M2	2025-08-12	ENSAYADO	2025-08-18 18:28:45.462412+00	2025-08-18 18:30:37.368801+00	836cbbcf-67b2-4534-97cc-b83e71722ff7	\N	15.0	\N	\N	\N	2025-08-12 08:00:00+00	America/Mexico_City
7607dcca-0de1-47bc-b5ac-5abdc68f0858	ae3dc908-ef57-45b2-8a03-bdde21f67296	CUBO	M1	2025-08-12	ENSAYADO	2025-08-18 18:28:45.462412+00	2025-08-18 18:30:37.368801+00	836cbbcf-67b2-4534-97cc-b83e71722ff7	\N	10.0	\N	\N	\N	2025-08-12 08:00:00+00	America/Mexico_City
a41c7237-43da-42e0-b650-5e1ddecd6fd1	ae3dc908-ef57-45b2-8a03-bdde21f67296	CUBO	M2	2025-08-12	ENSAYADO	2025-08-18 18:28:45.462412+00	2025-08-18 18:30:37.368801+00	836cbbcf-67b2-4534-97cc-b83e71722ff7	\N	10.0	\N	\N	\N	2025-08-12 08:00:00+00	America/Mexico_City
74b29ec1-6400-4f59-a131-a5761a4fccf4	f1cc6f09-7646-4da1-b908-d9bca3359d4d	CUBO	M2	2025-08-12	ENSAYADO	2025-08-18 18:28:45.462412+00	2025-08-18 18:30:37.368801+00	836cbbcf-67b2-4534-97cc-b83e71722ff7	\N	15.0	\N	\N	\N	2025-08-12 08:00:00+00	America/Mexico_City
805292ac-00a4-46f9-a6a7-d032724014a3	5e297db4-58d7-4aed-bfbd-ecb2d9803e7e	CUBO	M1	2025-08-12	ENSAYADO	2025-08-18 18:28:45.462412+00	2025-08-18 18:30:37.368801+00	836cbbcf-67b2-4534-97cc-b83e71722ff7	\N	10.0	\N	\N	\N	2025-08-12 08:00:00+00	America/Mexico_City
3462bfe6-ca59-4840-980d-1391a3f78a37	baeaf0a8-be25-46a2-92f5-bd251000a906	CUBO	M2	2025-07-23	ENSAYADO	2025-08-19 01:16:33.140305+00	2025-08-19 01:17:15.627954+00	baf175a7-fcf7-4e71-b18f-e952d8802129	\N	10	\N	\N	\N	2025-07-23 08:00:00+00	America/Mexico_City
22bf2cf7-a0a0-470d-8f37-06301909d6c4	4d61fa48-b75a-4c2d-9e0e-ebb06bda97ce	CUBO	M2	2025-07-23	ENSAYADO	2025-08-19 01:16:33.140305+00	2025-08-19 01:17:15.627954+00	baf175a7-fcf7-4e71-b18f-e952d8802129	\N	10	\N	\N	\N	2025-07-23 16:25:00+00	America/Mexico_City
8ecc04a8-ecbb-436f-a902-1f43f2310ede	4e029f02-ba97-4260-9102-7edf208af505	CUBO	M2	2025-07-23	ENSAYADO	2025-08-19 01:16:33.140305+00	2025-08-19 01:17:15.627954+00	baf175a7-fcf7-4e71-b18f-e952d8802129	\N	10	\N	\N	\N	2025-07-23 19:27:00+00	America/Mexico_City
687cb602-0a0a-45a8-a0e0-9473594f7b01	db182b7e-fc9a-446d-982d-4857ad129c1e	CUBO	M2	2025-07-23	ENSAYADO	2025-08-19 01:16:33.140305+00	2025-08-19 01:17:15.627954+00	baf175a7-fcf7-4e71-b18f-e952d8802129	\N	10	\N	\N	\N	2025-07-23 21:57:00+00	America/Mexico_City
4d639ae6-5bc2-4978-8bac-89a0f59382a3	ed171d58-641f-498a-96e4-590c99a40a87	CUBO	M2	2025-07-24	ENSAYADO	2025-08-19 01:16:33.140305+00	2025-08-19 01:17:15.627954+00	baf175a7-fcf7-4e71-b18f-e952d8802129	\N	10	\N	\N	\N	2025-07-24 18:00:00+00	America/Mexico_City
3c7c9035-686a-48bd-91fb-4c2e09d37f71	fde7e31d-e249-45b3-a872-3e8bb3e0e054	VIGA	M1	2025-08-12	ENSAYADO	2025-08-18 18:29:25.663006+00	2025-08-18 18:31:13.171258+00	836cbbcf-67b2-4534-97cc-b83e71722ff7	\N	\N	\N	\N	\N	2025-08-12 08:00:00+00	America/Mexico_City
448b8bb7-c8a3-4649-9e5b-d1f24a4c68cd	fde7e31d-e249-45b3-a872-3e8bb3e0e054	VIGA	M2	2025-08-12	ENSAYADO	2025-08-18 18:29:25.663006+00	2025-08-18 18:31:13.171258+00	836cbbcf-67b2-4534-97cc-b83e71722ff7	\N	\N	\N	\N	\N	2025-08-12 08:00:00+00	America/Mexico_City
6322cc05-510b-4954-ae3a-1348f053aac6	7f74b9ea-b98c-4453-b945-0f77725a2546	CUBO	M1	2025-08-15	ENSAYADO	2025-08-18 18:29:25.663006+00	2025-08-18 18:31:13.171258+00	836cbbcf-67b2-4534-97cc-b83e71722ff7	\N	15.0	\N	\N	\N	2025-08-15 08:00:00+00	America/Mexico_City
dddbc033-e996-474a-9993-294e27d8f0e1	3f3e7a68-309e-46ae-bf29-0aa200506fad	VIGA	M1	2025-08-23	ENSAYADO	2025-08-18 18:29:25.663006+00	2025-08-18 18:31:13.171258+00	836cbbcf-67b2-4534-97cc-b83e71722ff7	\N	\N	\N	\N	\N	2025-08-23 08:00:00+00	America/Mexico_City
48778851-cbb3-4875-bbdb-98b9a93392c2	57d7aadd-3cf3-49e4-9b44-cf101555bbaf	CUBO	M1	2025-07-29	ENSAYADO	2025-08-18 18:29:25.663006+00	2025-08-18 18:31:13.171258+00	836cbbcf-67b2-4534-97cc-b83e71722ff7	\N	15.0	\N	\N	\N	2025-07-29 08:00:00+00	America/Mexico_City
3d0a6cbb-9bce-4fb8-9e0c-996bfccbefd3	57d7aadd-3cf3-49e4-9b44-cf101555bbaf	CUBO	M2	2025-07-29	ENSAYADO	2025-08-18 18:29:25.663006+00	2025-08-18 18:31:13.171258+00	836cbbcf-67b2-4534-97cc-b83e71722ff7	\N	15.0	\N	\N	\N	2025-07-29 08:00:00+00	America/Mexico_City
379c09f2-2f7a-4d17-93f2-56d7b4d02df8	b21fb175-407d-4448-9e56-2e5419dc593a	CUBO	M1	2025-08-26	ENSAYADO	2025-08-18 18:29:25.663006+00	2025-08-18 18:31:13.171258+00	836cbbcf-67b2-4534-97cc-b83e71722ff7	\N	10.0	\N	\N	\N	2025-08-26 08:00:00+00	America/Mexico_City
63b23290-3297-426e-8ff4-d517be9760aa	2f52f534-4658-4ac5-b80f-a107cfb29b9d	CUBO	M3	2025-07-12	ENSAYADO	2025-08-19 01:16:33.140305+00	2025-08-19 01:17:15.627954+00	baf175a7-fcf7-4e71-b18f-e952d8802129	\N	10	\N	\N	\N	2025-07-12 19:15:00+00	America/Mexico_City
8bbe7439-aa44-42e9-870b-b4146ae2ed5c	ce0e2ddb-0e4b-407f-bf56-39c046904184	CUBO	M3	2025-07-12	ENSAYADO	2025-08-19 01:16:33.140305+00	2025-08-19 01:17:15.627954+00	baf175a7-fcf7-4e71-b18f-e952d8802129	\N	10	\N	\N	\N	2025-07-12 20:00:00+00	America/Mexico_City
6d7df1e0-9a9a-419a-bea5-95ddad30d526	9bba2c12-b7ab-46bf-82ec-f1a797d802a6	CUBO	M3	2025-07-13	ENSAYADO	2025-08-19 01:16:33.140305+00	2025-08-19 01:17:15.627954+00	baf175a7-fcf7-4e71-b18f-e952d8802129	\N	10	\N	\N	\N	2025-07-13 06:00:00+00	America/Mexico_City
1f327713-faff-4183-8d4b-9c47e73feb35	0645f3bf-f80a-477c-a455-b5cf6c5bdda6	CUBO	M3	2025-07-14	ENSAYADO	2025-08-19 01:16:33.140305+00	2025-08-19 01:17:15.627954+00	baf175a7-fcf7-4e71-b18f-e952d8802129	\N	10	\N	\N	\N	2025-07-14 06:00:00+00	America/Mexico_City
33deeffc-5a16-4cbd-a29b-03eb001dfc5b	35b25764-cead-41d5-ac4d-4b63dcada600	CUBO	M3	2025-07-17	ENSAYADO	2025-08-19 01:16:33.140305+00	2025-08-19 01:17:15.627954+00	baf175a7-fcf7-4e71-b18f-e952d8802129	\N	10	\N	\N	\N	2025-07-17 06:00:00+00	America/Mexico_City
c75e166f-88c5-4d94-8b58-b8e4697c1c29	e17f6b4f-b285-4119-b9e7-a202b8a4c62a	CUBO	M3	2025-07-19	ENSAYADO	2025-08-19 01:16:33.140305+00	2025-08-19 01:17:15.627954+00	baf175a7-fcf7-4e71-b18f-e952d8802129	\N	10	\N	\N	\N	2025-07-19 14:34:00+00	America/Mexico_City
186c4f42-066c-419f-bfab-745f57dba5cb	a8809a7a-0feb-433e-9fa9-6345797420d4	CUBO	M3	2025-07-20	ENSAYADO	2025-08-19 01:16:33.140305+00	2025-08-19 01:17:15.627954+00	baf175a7-fcf7-4e71-b18f-e952d8802129	\N	10	\N	\N	\N	2025-07-20 06:01:00+00	America/Mexico_City
83520cf5-0f92-42cf-a701-6c47753c0bde	44bbbe31-91b0-40f8-a769-20cef7ed5237	CUBO	M3	2025-07-21	ENSAYADO	2025-08-19 01:16:33.140305+00	2025-08-19 01:17:15.627954+00	baf175a7-fcf7-4e71-b18f-e952d8802129	\N	10	\N	\N	\N	2025-07-21 06:07:00+00	America/Mexico_City
2142511c-a5e0-45a2-81c7-1e45d9db5a9c	87b00322-37a0-45c7-af42-c08510e578ae	CUBO	M3	2025-07-21	ENSAYADO	2025-08-19 01:16:33.140305+00	2025-08-19 01:17:15.627954+00	baf175a7-fcf7-4e71-b18f-e952d8802129	\N	10	\N	\N	\N	2025-07-21 14:34:00+00	America/Mexico_City
a52af63a-9bd3-49c5-a085-4f9ad5d7b305	8d3290e0-12e2-4cd6-8dba-8a75a234e6f8	CUBO	M3	2025-07-21	ENSAYADO	2025-08-19 01:16:33.140305+00	2025-08-19 01:17:15.627954+00	baf175a7-fcf7-4e71-b18f-e952d8802129	\N	10	\N	\N	\N	2025-07-21 20:13:00+00	America/Mexico_City
eb30bd6f-20b0-4669-a052-6250304605f6	328f56f9-3fd6-4e90-b641-a1e849a9250f	CUBO	M3	2025-07-22	ENSAYADO	2025-08-19 01:16:33.140305+00	2025-08-19 01:17:15.627954+00	baf175a7-fcf7-4e71-b18f-e952d8802129	\N	10	\N	\N	\N	2025-07-22 12:49:00+00	America/Mexico_City
206045e3-5ca7-4099-9b5c-37989d8865f5	804b192c-57a4-4c3f-89a9-bebe4ce76df1	CUBO	M3	2025-07-22	ENSAYADO	2025-08-19 01:16:33.140305+00	2025-08-19 01:17:15.627954+00	baf175a7-fcf7-4e71-b18f-e952d8802129	\N	10	\N	\N	\N	2025-07-22 14:31:00+00	America/Mexico_City
1c818673-59cc-4a6a-9c22-79a7f84a90ea	3a07beb0-78ed-4595-b346-00a9c0b9489e	CUBO	M1	2025-07-09	ENSAYADO	2025-08-19 01:16:33.140305+00	2025-08-19 01:17:15.627954+00	baf175a7-fcf7-4e71-b18f-e952d8802129	\N	10	\N	\N	\N	2025-07-09 20:00:00+00	America/Mexico_City
6f74fa76-69fc-4d41-9b15-c5f979844f9c	9e04f8fa-d7db-4d27-873b-a81bdee88ca4	CUBO	M1	2025-07-09	ENSAYADO	2025-08-19 01:16:33.140305+00	2025-08-19 01:17:15.627954+00	baf175a7-fcf7-4e71-b18f-e952d8802129	\N	10	\N	\N	\N	2025-07-09 23:05:00+00	America/Mexico_City
fdf56115-f5fe-4d8c-9179-efd5815557bc	09a27d00-815a-486a-aec7-038b162f93b1	CUBO	M1	2025-07-10	ENSAYADO	2025-08-19 01:16:33.140305+00	2025-08-19 01:17:15.627954+00	baf175a7-fcf7-4e71-b18f-e952d8802129	\N	10	\N	\N	\N	2025-07-10 02:00:00+00	America/Mexico_City
a95d8b42-adf8-4b70-b81a-c060cd3b1215	f1642f47-397d-4a70-9f8a-8dfa698dc995	CUBO	M1	2025-07-10	ENSAYADO	2025-08-19 01:16:33.140305+00	2025-08-19 01:17:15.627954+00	baf175a7-fcf7-4e71-b18f-e952d8802129	\N	10	\N	\N	\N	2025-07-10 03:00:00+00	America/Mexico_City
32ad3228-6f59-4858-86bf-b09d0fd8e5cb	2f52f534-4658-4ac5-b80f-a107cfb29b9d	CUBO	M1	2025-07-11	ENSAYADO	2025-08-19 01:16:33.140305+00	2025-08-19 01:17:15.627954+00	baf175a7-fcf7-4e71-b18f-e952d8802129	\N	10	\N	\N	\N	2025-07-11 03:15:00+00	America/Mexico_City
9d6077ad-732c-484d-843d-d9fe078c1bf2	ce0e2ddb-0e4b-407f-bf56-39c046904184	CUBO	M1	2025-07-11	ENSAYADO	2025-08-19 01:16:33.140305+00	2025-08-19 01:17:15.627954+00	baf175a7-fcf7-4e71-b18f-e952d8802129	\N	10	\N	\N	\N	2025-07-11 00:00:00+00	America/Mexico_City
cf6dd634-8cd3-4190-8537-2c939c115aea	9bba2c12-b7ab-46bf-82ec-f1a797d802a6	CUBO	M1	2025-07-11	ENSAYADO	2025-08-19 01:16:33.140305+00	2025-08-19 01:17:15.627954+00	baf175a7-fcf7-4e71-b18f-e952d8802129	\N	10	\N	\N	\N	2025-07-11 20:00:00+00	America/Mexico_City
ba9d3b48-a703-4762-bb8c-6026d5721bb6	9bba2c12-b7ab-46bf-82ec-f1a797d802a6	CUBO	M2	2025-07-12	ENSAYADO	2025-08-19 01:16:33.140305+00	2025-08-19 01:17:15.627954+00	baf175a7-fcf7-4e71-b18f-e952d8802129	\N	10	\N	\N	\N	2025-07-12 18:00:00+00	America/Mexico_City
551370a1-9a67-4df1-8fa8-0b00a666cab3	053640f6-8b64-4de3-938f-e3b08f8c933c	CUBO	M1	2025-07-12	ENSAYADO	2025-08-19 01:16:33.140305+00	2025-08-19 01:17:15.627954+00	baf175a7-fcf7-4e71-b18f-e952d8802129	\N	10	\N	\N	\N	2025-07-12 02:10:00+00	America/Mexico_City
0a6a36a1-bd32-43cc-9b29-34cf46cfe986	053640f6-8b64-4de3-938f-e3b08f8c933c	CUBO	M2	2025-07-13	ENSAYADO	2025-08-19 01:16:33.140305+00	2025-08-19 01:17:15.627954+00	baf175a7-fcf7-4e71-b18f-e952d8802129	\N	10	\N	\N	\N	2025-07-13 00:10:00+00	America/Mexico_City
6cdfde10-caa7-477a-a968-fcbb4355251e	73251839-13a1-4905-b886-d93ef277b44a	CUBO	M1	2025-07-11	ENSAYADO	2025-08-19 01:16:33.140305+00	2025-08-19 01:17:15.627954+00	baf175a7-fcf7-4e71-b18f-e952d8802129	\N	10	\N	\N	\N	2025-07-11 22:56:00+00	America/Mexico_City
616c2a2c-eac4-4391-987e-ebee56e92b82	fde1d1eb-5ffc-48e4-9436-20ab4510925f	CUBO	M1	2025-07-14	ENSAYADO	2025-08-18 18:28:45.462412+00	2025-08-18 18:30:37.368801+00	836cbbcf-67b2-4534-97cc-b83e71722ff7	\N	10.0	\N	\N	\N	2025-07-14 08:00:00+00	America/Mexico_City
8f09df32-eb92-4b18-9778-cb4d194dc137	fde1d1eb-5ffc-48e4-9436-20ab4510925f	CUBO	M2	2025-07-21	ENSAYADO	2025-08-18 18:28:45.462412+00	2025-08-18 18:30:37.368801+00	836cbbcf-67b2-4534-97cc-b83e71722ff7	\N	10.0	\N	\N	\N	2025-07-21 08:00:00+00	America/Mexico_City
bab91acf-07e1-4672-a88b-9496501133a7	96417e60-c5db-4e2c-8e4b-b80bd3030dfc	CUBO	M1	2025-07-21	ENSAYADO	2025-08-18 18:28:45.462412+00	2025-08-18 18:30:37.368801+00	836cbbcf-67b2-4534-97cc-b83e71722ff7	\N	10.0	\N	\N	\N	2025-07-21 08:00:00+00	America/Mexico_City
dcc67a9b-25a6-4f5c-bca8-c57aa75a32cc	96417e60-c5db-4e2c-8e4b-b80bd3030dfc	CUBO	M2	2025-08-04	ENSAYADO	2025-08-18 18:28:45.462412+00	2025-08-18 18:30:37.368801+00	836cbbcf-67b2-4534-97cc-b83e71722ff7	\N	10.0	\N	\N	\N	2025-08-04 08:00:00+00	America/Mexico_City
437d9a3a-9ea9-438b-847f-105f1a90fac1	96417e60-c5db-4e2c-8e4b-b80bd3030dfc	CUBO	M3	2025-08-04	ENSAYADO	2025-08-18 18:28:45.462412+00	2025-08-18 18:30:37.368801+00	836cbbcf-67b2-4534-97cc-b83e71722ff7	\N	10.0	\N	\N	\N	2025-08-04 08:00:00+00	America/Mexico_City
d8bcd8df-5571-4b08-8e6d-da09130e3d02	f5708b26-b658-4e5f-8af8-0a8da623bcfb	CUBO	M1	2025-07-16	ENSAYADO	2025-08-18 18:28:45.462412+00	2025-08-18 18:30:37.368801+00	836cbbcf-67b2-4534-97cc-b83e71722ff7	\N	15.0	\N	\N	\N	2025-07-16 08:00:00+00	America/Mexico_City
9a053cb8-aaf4-4ae9-a56a-83f1a5a57fe9	f5708b26-b658-4e5f-8af8-0a8da623bcfb	CUBO	M2	2025-07-23	ENSAYADO	2025-08-18 18:28:45.462412+00	2025-08-18 18:30:37.368801+00	836cbbcf-67b2-4534-97cc-b83e71722ff7	\N	15.0	\N	\N	\N	2025-07-23 08:00:00+00	America/Mexico_City
77885bf8-bd25-44e0-a677-78370334139a	f5708b26-b658-4e5f-8af8-0a8da623bcfb	CUBO	M3	2025-08-06	ENSAYADO	2025-08-18 18:28:45.462412+00	2025-08-18 18:30:37.368801+00	836cbbcf-67b2-4534-97cc-b83e71722ff7	\N	10.0	\N	\N	\N	2025-08-06 08:00:00+00	America/Mexico_City
d2bfdff0-a374-4c4a-b7e4-dd27246de188	f5708b26-b658-4e5f-8af8-0a8da623bcfb	CUBO	M4	2025-08-06	ENSAYADO	2025-08-18 18:28:45.462412+00	2025-08-18 18:30:37.368801+00	836cbbcf-67b2-4534-97cc-b83e71722ff7	\N	10.0	\N	\N	\N	2025-08-06 08:00:00+00	America/Mexico_City
0dcc0025-698c-4cdd-abb9-b22113057fe8	f02b361d-5500-4c85-bb9e-1d06349b41b6	CUBO	M1	2025-07-16	ENSAYADO	2025-08-18 18:28:45.462412+00	2025-08-18 18:30:37.368801+00	836cbbcf-67b2-4534-97cc-b83e71722ff7	\N	10.0	\N	\N	\N	2025-07-16 08:00:00+00	America/Mexico_City
4de302c7-891d-4254-967b-3e06bc1a9b4e	f02b361d-5500-4c85-bb9e-1d06349b41b6	CUBO	M2	2025-07-23	ENSAYADO	2025-08-18 18:28:45.462412+00	2025-08-18 18:30:37.368801+00	836cbbcf-67b2-4534-97cc-b83e71722ff7	\N	10.0	\N	\N	\N	2025-07-23 08:00:00+00	America/Mexico_City
d42758b4-998c-4dcb-aff8-075d91d70487	f02b361d-5500-4c85-bb9e-1d06349b41b6	CUBO	M3	2025-08-06	ENSAYADO	2025-08-18 18:28:45.462412+00	2025-08-18 18:30:37.368801+00	836cbbcf-67b2-4534-97cc-b83e71722ff7	\N	10.0	\N	\N	\N	2025-08-06 08:00:00+00	America/Mexico_City
13b55c3e-b121-45ab-8a38-d88cf518a09a	f02b361d-5500-4c85-bb9e-1d06349b41b6	CUBO	M4	2025-08-06	ENSAYADO	2025-08-18 18:28:45.462412+00	2025-08-18 18:30:37.368801+00	836cbbcf-67b2-4534-97cc-b83e71722ff7	\N	10.0	\N	\N	\N	2025-08-06 08:00:00+00	America/Mexico_City
1b85733a-d841-4b88-a48f-24fa4234a1ea	4261bc9f-15fe-46d8-8b11-b1e408fae07a	CUBO	M1	2025-07-13	ENSAYADO	2025-08-18 18:28:45.462412+00	2025-08-18 18:30:37.368801+00	836cbbcf-67b2-4534-97cc-b83e71722ff7	\N	10.0	\N	\N	\N	2025-07-13 08:00:00+00	America/Mexico_City
bb03267c-e63c-4c69-a6b3-5351ecdf3924	4261bc9f-15fe-46d8-8b11-b1e408fae07a	CUBO	M2	2025-07-13	ENSAYADO	2025-08-18 18:28:45.462412+00	2025-08-18 18:30:37.368801+00	836cbbcf-67b2-4534-97cc-b83e71722ff7	\N	10.0	\N	\N	\N	2025-07-13 08:00:00+00	America/Mexico_City
ebfe3c9a-0cf8-49d0-a96f-574bb067d82d	801b7ac6-d36a-43cd-a198-f9d41261a967	CUBO	M1	2025-07-13	ENSAYADO	2025-08-18 18:28:45.462412+00	2025-08-18 18:30:37.368801+00	836cbbcf-67b2-4534-97cc-b83e71722ff7	\N	10.0	\N	\N	\N	2025-07-13 08:00:00+00	America/Mexico_City
921a1511-a1a0-4985-a6b2-8cac2995df44	801b7ac6-d36a-43cd-a198-f9d41261a967	CUBO	M2	2025-07-13	ENSAYADO	2025-08-18 18:28:45.462412+00	2025-08-18 18:30:37.368801+00	836cbbcf-67b2-4534-97cc-b83e71722ff7	\N	10.0	\N	\N	\N	2025-07-13 08:00:00+00	America/Mexico_City
cbe7b481-6be6-408d-aa9a-584049ff8bba	e5f74bad-c48d-4bf8-b45e-ce84be8403fb	CUBO	M1	2025-07-18	ENSAYADO	2025-08-18 18:28:45.462412+00	2025-08-18 18:30:37.368801+00	836cbbcf-67b2-4534-97cc-b83e71722ff7	\N	15.0	\N	\N	\N	2025-07-18 08:00:00+00	America/Mexico_City
08bf7339-3b24-47c0-b20c-187eb7b566c5	e5f74bad-c48d-4bf8-b45e-ce84be8403fb	CUBO	M2	2025-07-25	ENSAYADO	2025-08-18 18:28:45.462412+00	2025-08-18 18:30:37.368801+00	836cbbcf-67b2-4534-97cc-b83e71722ff7	\N	15.0	\N	\N	\N	2025-07-25 08:00:00+00	America/Mexico_City
92aebff7-bbfb-41e3-be1d-7e74addb463e	e5f74bad-c48d-4bf8-b45e-ce84be8403fb	CUBO	M3	2025-08-08	ENSAYADO	2025-08-18 18:28:45.462412+00	2025-08-18 18:30:37.368801+00	836cbbcf-67b2-4534-97cc-b83e71722ff7	\N	10.0	\N	\N	\N	2025-08-08 08:00:00+00	America/Mexico_City
7b199868-e378-475a-bd9a-975c7d5b49bd	e5f74bad-c48d-4bf8-b45e-ce84be8403fb	CUBO	M4	2025-08-08	ENSAYADO	2025-08-18 18:28:45.462412+00	2025-08-18 18:30:37.368801+00	836cbbcf-67b2-4534-97cc-b83e71722ff7	\N	10.0	\N	\N	\N	2025-08-08 08:00:00+00	America/Mexico_City
9b9e8624-0280-4b63-bdbb-02e93d3ed6f8	e94a0198-0bd5-46f6-a8d9-0b273e17d265	CUBO	M1	2025-07-12	ENSAYADO	2025-08-18 18:28:45.462412+00	2025-08-18 18:30:37.368801+00	836cbbcf-67b2-4534-97cc-b83e71722ff7	\N	10.0	\N	\N	\N	2025-07-12 08:00:00+00	America/Mexico_City
6089c83a-499f-45c6-afb6-a0e295d50b07	e94a0198-0bd5-46f6-a8d9-0b273e17d265	CUBO	M2	2025-07-12	ENSAYADO	2025-08-18 18:28:45.462412+00	2025-08-18 18:30:37.368801+00	836cbbcf-67b2-4534-97cc-b83e71722ff7	\N	10.0	\N	\N	\N	2025-07-12 08:00:00+00	America/Mexico_City
1a66f922-c582-4b7e-bd8d-bdf22245ae56	e94a0198-0bd5-46f6-a8d9-0b273e17d265	CUBO	M3	2025-07-14	ENSAYADO	2025-08-18 18:28:45.462412+00	2025-08-18 18:30:37.368801+00	836cbbcf-67b2-4534-97cc-b83e71722ff7	\N	10.0	\N	\N	\N	2025-07-14 08:00:00+00	America/Mexico_City
42a7389a-47dd-4a15-b050-ad2945fcbacb	78142686-5a7c-4f78-a97b-3278536f3330	CUBO	M1	2025-07-12	ENSAYADO	2025-08-18 18:28:45.462412+00	2025-08-18 18:30:37.368801+00	836cbbcf-67b2-4534-97cc-b83e71722ff7	\N	10.0	\N	\N	\N	2025-07-12 08:00:00+00	America/Mexico_City
7ca43219-5337-427c-b0a5-56477eb2158d	78142686-5a7c-4f78-a97b-3278536f3330	CUBO	M2	2025-07-12	ENSAYADO	2025-08-18 18:28:45.462412+00	2025-08-18 18:30:37.368801+00	836cbbcf-67b2-4534-97cc-b83e71722ff7	\N	15.0	\N	\N	\N	2025-07-12 08:00:00+00	America/Mexico_City
30ed4b6d-9b7e-4ad6-84a8-1030a5a64678	78142686-5a7c-4f78-a97b-3278536f3330	CUBO	M3	2025-07-14	ENSAYADO	2025-08-18 18:28:45.462412+00	2025-08-18 18:30:37.368801+00	836cbbcf-67b2-4534-97cc-b83e71722ff7	\N	10.0	\N	\N	\N	2025-07-14 08:00:00+00	America/Mexico_City
281e4881-53e9-43e1-a331-1d6584ec1022	78142686-5a7c-4f78-a97b-3278536f3330	CUBO	M4	2025-07-14	ENSAYADO	2025-08-18 18:28:45.462412+00	2025-08-18 18:30:37.368801+00	836cbbcf-67b2-4534-97cc-b83e71722ff7	\N	15.0	\N	\N	\N	2025-07-14 08:00:00+00	America/Mexico_City
0c3cfcfe-0359-47b9-8826-078f486a1123	a30dde58-03da-48d1-8173-d215bbf1eec7	CUBO	M1	2025-08-10	ENSAYADO	2025-08-18 18:28:45.462412+00	2025-08-18 18:30:37.368801+00	836cbbcf-67b2-4534-97cc-b83e71722ff7	\N	10.0	\N	\N	\N	2025-08-10 08:00:00+00	America/Mexico_City
f8afa439-8163-4f50-bdee-c5bb4d160acf	a30dde58-03da-48d1-8173-d215bbf1eec7	CUBO	M2	2025-08-10	ENSAYADO	2025-08-18 18:28:45.462412+00	2025-08-18 18:30:37.368801+00	836cbbcf-67b2-4534-97cc-b83e71722ff7	\N	10.0	\N	\N	\N	2025-08-10 08:00:00+00	America/Mexico_City
686f8391-15fa-4f03-bb4c-5ed37ed5f42e	b3abee5d-c996-4534-8d29-7f9b9d8a36a3	CUBO	M1	2025-08-12	ENSAYADO	2025-08-18 18:28:45.462412+00	2025-08-18 18:30:37.368801+00	836cbbcf-67b2-4534-97cc-b83e71722ff7	\N	15.0	\N	\N	\N	2025-08-12 08:00:00+00	America/Mexico_City
83817213-cab7-4843-9ef9-f06f8828beb2	5e297db4-58d7-4aed-bfbd-ecb2d9803e7e	CUBO	M2	2025-08-12	ENSAYADO	2025-08-18 18:29:25.663006+00	2025-08-18 18:30:37.368801+00	836cbbcf-67b2-4534-97cc-b83e71722ff7	\N	10.0	\N	\N	\N	2025-08-12 08:00:00+00	America/Mexico_City
79112007-60ba-4a93-95fd-0a1af2362f4f	8fa75e67-5231-45c9-9046-2760eb7310cc	CUBO	M1	2025-08-14	ENSAYADO	2025-08-18 18:29:25.663006+00	2025-08-18 18:30:37.368801+00	836cbbcf-67b2-4534-97cc-b83e71722ff7	\N	10.0	\N	\N	\N	2025-08-14 08:00:00+00	America/Mexico_City
47e1722e-0cda-424a-aacf-00645a4ce172	8fa75e67-5231-45c9-9046-2760eb7310cc	CUBO	M2	2025-08-14	ENSAYADO	2025-08-18 18:29:25.663006+00	2025-08-18 18:30:37.368801+00	836cbbcf-67b2-4534-97cc-b83e71722ff7	\N	10.0	\N	\N	\N	2025-08-14 08:00:00+00	America/Mexico_City
27ef32ee-6f9b-409e-9796-5b7d31df9cb8	73251839-13a1-4905-b886-d93ef277b44a	CUBO	M2	2025-07-12	ENSAYADO	2025-08-19 01:16:33.140305+00	2025-08-19 01:17:15.627954+00	baf175a7-fcf7-4e71-b18f-e952d8802129	\N	10	\N	\N	\N	2025-07-12 20:56:00+00	America/Mexico_City
be2cd080-9c65-4c59-a92b-e9bbf4c339ff	0228938d-6fa1-4ba5-a76a-a582cf1c0a92	CUBO	M1	2025-07-12	ENSAYADO	2025-08-19 01:16:33.140305+00	2025-08-19 01:17:15.627954+00	baf175a7-fcf7-4e71-b18f-e952d8802129	\N	10	\N	\N	\N	2025-07-12 04:00:00+00	America/Mexico_City
cfc9b4f5-1e51-496e-9ef7-5cd12e2d65e9	0228938d-6fa1-4ba5-a76a-a582cf1c0a92	CUBO	M2	2025-07-13	ENSAYADO	2025-08-19 01:16:33.140305+00	2025-08-19 01:17:15.627954+00	baf175a7-fcf7-4e71-b18f-e952d8802129	\N	10	\N	\N	\N	2025-07-13 02:00:00+00	America/Mexico_City
d9262ef3-b967-4ce7-95b3-ad51c83504d0	2bd52338-3471-427e-b940-a97f0dfa4de2	CUBO	M1	2025-07-12	ENSAYADO	2025-08-19 01:16:33.140305+00	2025-08-19 01:17:15.627954+00	baf175a7-fcf7-4e71-b18f-e952d8802129	\N	10	\N	\N	\N	2025-07-12 20:38:00+00	America/Mexico_City
205acc24-d18d-42aa-bb12-b8886ee13c2b	2bd52338-3471-427e-b940-a97f0dfa4de2	CUBO	M2	2025-07-13	ENSAYADO	2025-08-19 01:16:33.140305+00	2025-08-19 01:17:15.627954+00	baf175a7-fcf7-4e71-b18f-e952d8802129	\N	10	\N	\N	\N	2025-07-13 18:38:00+00	America/Mexico_City
aac5645d-40dc-49c5-ac10-508c2d7e4816	085adff9-1835-4707-aef1-43f3710a6c34	CUBO	M1	2025-07-12	ENSAYADO	2025-08-19 01:16:33.140305+00	2025-08-19 01:17:15.627954+00	baf175a7-fcf7-4e71-b18f-e952d8802129	\N	10	\N	\N	\N	2025-07-12 21:22:00+00	America/Mexico_City
b5a36b71-7a81-4328-856e-3e403041ec78	085adff9-1835-4707-aef1-43f3710a6c34	CUBO	M2	2025-07-13	ENSAYADO	2025-08-19 01:16:33.140305+00	2025-08-19 01:17:15.627954+00	baf175a7-fcf7-4e71-b18f-e952d8802129	\N	10	\N	\N	\N	2025-07-13 19:22:00+00	America/Mexico_City
5b0a468a-b372-4656-a558-87062eecbc00	a2c06df8-9da8-4128-936f-0d5308bde04d	CUBO	M1	2025-07-13	ENSAYADO	2025-08-19 01:16:33.140305+00	2025-08-19 01:17:15.627954+00	baf175a7-fcf7-4e71-b18f-e952d8802129	\N	10	\N	\N	\N	2025-07-13 02:13:00+00	America/Mexico_City
a784b9ee-b4f2-4c09-9f54-48d4619b5dec	a2c06df8-9da8-4128-936f-0d5308bde04d	CUBO	M2	2025-07-14	ENSAYADO	2025-08-19 01:16:33.140305+00	2025-08-19 01:17:15.627954+00	baf175a7-fcf7-4e71-b18f-e952d8802129	\N	10	\N	\N	\N	2025-07-14 00:13:00+00	America/Mexico_City
3de58e1a-4f03-4510-bd6f-6e768b5a337f	fa11cd5f-52b0-4225-b924-78b094d13299	CUBO	M1	2025-07-13	ENSAYADO	2025-08-19 01:16:33.140305+00	2025-08-19 01:17:15.627954+00	baf175a7-fcf7-4e71-b18f-e952d8802129	\N	10	\N	\N	\N	2025-07-13 20:11:00+00	America/Mexico_City
5a205604-27be-4baa-82b1-3bd4916becfc	fa11cd5f-52b0-4225-b924-78b094d13299	CUBO	M2	2025-07-14	ENSAYADO	2025-08-19 01:16:33.140305+00	2025-08-19 01:17:15.627954+00	baf175a7-fcf7-4e71-b18f-e952d8802129	\N	10	\N	\N	\N	2025-07-14 18:11:00+00	America/Mexico_City
8455456d-56e4-40ea-96a6-746ac6ce2420	dd9463c5-85b5-41a6-803e-20becfd3fb94	CUBO	M1	2025-07-13	ENSAYADO	2025-08-19 01:16:33.140305+00	2025-08-19 01:17:15.627954+00	baf175a7-fcf7-4e71-b18f-e952d8802129	\N	10	\N	\N	\N	2025-07-13 19:47:00+00	America/Mexico_City
4aa1ac83-6830-42ad-853d-41111f52bc6f	7f74b9ea-b98c-4453-b945-0f77725a2546	CUBO	M2	2025-08-15	ENSAYADO	2025-08-18 18:29:25.663006+00	2025-08-18 18:31:13.171258+00	836cbbcf-67b2-4534-97cc-b83e71722ff7	\N	15.0	\N	\N	\N	2025-08-15 08:00:00+00	America/Mexico_City
d5fc7c92-cbb5-44af-a626-994fe8c42acf	916bd7aa-c598-4a8b-beda-c39fa81be8b5	VIGA	M1	2025-08-16	ENSAYADO	2025-08-18 18:29:25.663006+00	2025-08-18 18:31:13.171258+00	836cbbcf-67b2-4534-97cc-b83e71722ff7	\N	\N	\N	\N	\N	2025-08-16 08:00:00+00	America/Mexico_City
de4cf3af-6fbe-42b4-8016-d18034d6970f	a230b786-3216-4505-9e82-aa66e34291a8	CUBO	M1	2025-08-16	ENSAYADO	2025-08-18 18:29:25.663006+00	2025-08-18 18:31:13.171258+00	836cbbcf-67b2-4534-97cc-b83e71722ff7	\N	10.0	\N	\N	\N	2025-08-16 08:00:00+00	America/Mexico_City
78ac25b1-673c-487d-b30d-cb64db847fd9	a230b786-3216-4505-9e82-aa66e34291a8	CILINDRO	M2	2025-08-16	ENSAYADO	2025-08-18 18:29:25.663006+00	2025-08-18 18:31:13.171258+00	836cbbcf-67b2-4534-97cc-b83e71722ff7	10.0	\N	\N	\N	\N	2025-08-16 08:00:00+00	America/Mexico_City
125a44bb-acd7-41b3-8ec1-8f421ab544df	29daf90c-3019-40a6-9cd1-6881477bbd74	VIGA	M1	2025-08-19	ENSAYADO	2025-08-18 18:29:25.663006+00	2025-08-18 18:31:13.171258+00	836cbbcf-67b2-4534-97cc-b83e71722ff7	\N	\N	\N	\N	\N	2025-08-19 08:00:00+00	America/Mexico_City
a83f7836-4292-413d-822d-6a32698ae7f6	d3a40aa9-3b6b-470f-b3a1-d95331a3876d	CUBO	M2	2025-08-20	ENSAYADO	2025-08-18 18:29:25.663006+00	2025-08-18 18:31:13.171258+00	836cbbcf-67b2-4534-97cc-b83e71722ff7	\N	15.0	\N	\N	\N	2025-08-20 08:00:00+00	America/Mexico_City
c75503ce-f817-4e09-b205-fc2f26c3319d	65fbee67-0972-4bcc-9541-81b0ac716c24	CUBO	M2	2025-08-20	ENSAYADO	2025-08-18 18:29:25.663006+00	2025-08-18 18:31:13.171258+00	836cbbcf-67b2-4534-97cc-b83e71722ff7	\N	15.0	\N	\N	\N	2025-08-20 08:00:00+00	America/Mexico_City
865a13e8-d9a2-4e04-8563-43d3260f56c1	622b7cd7-2a29-45e4-bbdb-a3d282363d4d	CUBO	M1	2025-07-26	ENSAYADO	2025-08-18 18:29:25.663006+00	2025-08-18 18:31:13.171258+00	836cbbcf-67b2-4534-97cc-b83e71722ff7	\N	15.0	\N	\N	\N	2025-07-26 08:00:00+00	America/Mexico_City
84be3a96-3519-468e-903c-db1ea5296085	622b7cd7-2a29-45e4-bbdb-a3d282363d4d	CUBO	M2	2025-07-26	ENSAYADO	2025-08-18 18:29:25.663006+00	2025-08-18 18:31:13.171258+00	836cbbcf-67b2-4534-97cc-b83e71722ff7	\N	15.0	\N	\N	\N	2025-07-26 08:00:00+00	America/Mexico_City
2a8049bd-2551-41b0-9d74-136c1da9fc85	ba805525-ec95-4b28-b898-41711b77da9a	CUBO	M1	2025-08-20	ENSAYADO	2025-08-18 18:29:25.663006+00	2025-08-18 18:31:13.171258+00	836cbbcf-67b2-4534-97cc-b83e71722ff7	\N	10.0	\N	\N	\N	2025-08-20 08:00:00+00	America/Mexico_City
74914674-24e0-4a5e-9016-373b020ff925	ba805525-ec95-4b28-b898-41711b77da9a	CUBO	M1	2025-08-20	ENSAYADO	2025-08-18 18:29:25.663006+00	2025-08-18 18:31:13.171258+00	836cbbcf-67b2-4534-97cc-b83e71722ff7	\N	10.0	\N	\N	\N	2025-08-20 08:00:00+00	America/Mexico_City
ecac4c1a-92ee-4f61-818d-e82a1b8deefe	c2798a77-62d5-46e6-b935-3711cd5511ba	CUBO	M1	2025-08-20	ENSAYADO	2025-08-18 18:29:25.663006+00	2025-08-18 18:31:13.171258+00	836cbbcf-67b2-4534-97cc-b83e71722ff7	\N	10.0	\N	\N	\N	2025-08-20 08:00:00+00	America/Mexico_City
d7193bde-b44c-4169-a4d1-7d35c158e605	c2798a77-62d5-46e6-b935-3711cd5511ba	CUBO	M1	2025-08-20	ENSAYADO	2025-08-18 18:29:25.663006+00	2025-08-18 18:31:13.171258+00	836cbbcf-67b2-4534-97cc-b83e71722ff7	\N	10.0	\N	\N	\N	2025-08-20 08:00:00+00	America/Mexico_City
19ac0d43-6932-4860-8d1b-247d3866ab04	ba805525-ec95-4b28-b898-41711b77da9a	CUBO	M2	2025-08-20	ENSAYADO	2025-08-18 18:29:25.663006+00	2025-08-18 18:31:13.171258+00	836cbbcf-67b2-4534-97cc-b83e71722ff7	\N	10.0	\N	\N	\N	2025-08-20 08:00:00+00	America/Mexico_City
d7f00851-d1dc-4637-bce4-6f4c4cc4fa2a	c2798a77-62d5-46e6-b935-3711cd5511ba	CUBO	M2	2025-08-20	ENSAYADO	2025-08-18 18:29:25.663006+00	2025-08-18 18:31:13.171258+00	836cbbcf-67b2-4534-97cc-b83e71722ff7	\N	10.0	\N	\N	\N	2025-08-20 08:00:00+00	America/Mexico_City
b53abbb6-1e0a-441a-a0c1-67e7751242e2	8dfe3657-63b7-4e23-9f40-f381b568402f	CUBO	M1	2025-08-20	ENSAYADO	2025-08-18 18:29:25.663006+00	2025-08-18 18:31:13.171258+00	836cbbcf-67b2-4534-97cc-b83e71722ff7	\N	10.0	\N	\N	\N	2025-08-20 08:00:00+00	America/Mexico_City
e327177e-fda9-48aa-8684-be0f5c26098e	8dfe3657-63b7-4e23-9f40-f381b568402f	CUBO	M1	2025-08-20	ENSAYADO	2025-08-18 18:29:25.663006+00	2025-08-18 18:31:13.171258+00	836cbbcf-67b2-4534-97cc-b83e71722ff7	\N	10.0	\N	\N	\N	2025-08-20 08:00:00+00	America/Mexico_City
6bbeab55-1c0c-405a-af8c-2e394bd63986	9d4e23ea-4082-42d4-9651-5671055bc725	CUBO	M1	2025-08-20	ENSAYADO	2025-08-18 18:29:25.663006+00	2025-08-18 18:31:13.171258+00	836cbbcf-67b2-4534-97cc-b83e71722ff7	\N	10.0	\N	\N	\N	2025-08-20 08:00:00+00	America/Mexico_City
2e0a1db7-8165-4971-8360-ccc1ba8618f0	9d4e23ea-4082-42d4-9651-5671055bc725	CUBO	M1	2025-08-20	ENSAYADO	2025-08-18 18:29:25.663006+00	2025-08-18 18:31:13.171258+00	836cbbcf-67b2-4534-97cc-b83e71722ff7	\N	10.0	\N	\N	\N	2025-08-20 08:00:00+00	America/Mexico_City
dd7318c8-ca99-4b30-b182-8a0eaf417895	8dfe3657-63b7-4e23-9f40-f381b568402f	CUBO	M2	2025-08-20	ENSAYADO	2025-08-18 18:29:25.663006+00	2025-08-18 18:31:13.171258+00	836cbbcf-67b2-4534-97cc-b83e71722ff7	\N	10.0	\N	\N	\N	2025-08-20 08:00:00+00	America/Mexico_City
56d5a320-3417-4d21-9932-9297c3b151e2	9d4e23ea-4082-42d4-9651-5671055bc725	CUBO	M2	2025-08-20	ENSAYADO	2025-08-18 18:29:25.663006+00	2025-08-18 18:31:13.171258+00	836cbbcf-67b2-4534-97cc-b83e71722ff7	\N	10.0	\N	\N	\N	2025-08-20 08:00:00+00	America/Mexico_City
6683d447-6a01-4d30-ba6a-a2e1dac515cc	d3a40aa9-3b6b-470f-b3a1-d95331a3876d	CUBO	M1	2025-08-20	ENSAYADO	2025-08-18 18:29:25.663006+00	2025-08-18 18:31:13.171258+00	836cbbcf-67b2-4534-97cc-b83e71722ff7	\N	15.0	\N	\N	\N	2025-08-20 08:00:00+00	America/Mexico_City
ef6629c9-ff16-41f5-8f18-22da508768b2	d3a40aa9-3b6b-470f-b3a1-d95331a3876d	CUBO	M1	2025-08-20	ENSAYADO	2025-08-18 18:29:25.663006+00	2025-08-18 18:31:13.171258+00	836cbbcf-67b2-4534-97cc-b83e71722ff7	\N	15.0	\N	\N	\N	2025-08-20 08:00:00+00	America/Mexico_City
cad2c9a7-7230-44f4-acac-f1e10373ea52	65fbee67-0972-4bcc-9541-81b0ac716c24	CUBO	M1	2025-08-20	ENSAYADO	2025-08-18 18:29:25.663006+00	2025-08-18 18:31:13.171258+00	836cbbcf-67b2-4534-97cc-b83e71722ff7	\N	15.0	\N	\N	\N	2025-08-20 08:00:00+00	America/Mexico_City
6b5a44a5-a418-4502-84d4-b9396c0af291	65fbee67-0972-4bcc-9541-81b0ac716c24	CUBO	M1	2025-08-20	ENSAYADO	2025-08-18 18:29:25.663006+00	2025-08-18 18:31:13.171258+00	836cbbcf-67b2-4534-97cc-b83e71722ff7	\N	15.0	\N	\N	\N	2025-08-20 08:00:00+00	America/Mexico_City
596b6b16-a161-4162-9ee5-5fe888daf38a	75798ece-9af6-477a-a9e1-cadd45459a66	VIGA	M1	2025-08-21	ENSAYADO	2025-08-18 18:29:25.663006+00	2025-08-18 18:31:13.171258+00	836cbbcf-67b2-4534-97cc-b83e71722ff7	\N	\N	\N	\N	\N	2025-08-21 08:00:00+00	America/Mexico_City
4924a431-e111-451f-956b-4f37589a9627	1e31fd21-63ed-431c-bcdf-e3b36bfcadc5	VIGA	M1	2025-08-22	ENSAYADO	2025-08-18 18:29:25.663006+00	2025-08-18 18:31:13.171258+00	836cbbcf-67b2-4534-97cc-b83e71722ff7	\N	\N	\N	\N	\N	2025-08-22 08:00:00+00	America/Mexico_City
9d8d65b4-f1d8-4a35-95bd-0808b2186e7b	a34b0349-b0d4-4c89-8e0b-8b68866d4c61	VIGA	M1	2025-08-23	ENSAYADO	2025-08-18 18:29:25.663006+00	2025-08-18 18:31:13.171258+00	836cbbcf-67b2-4534-97cc-b83e71722ff7	\N	\N	\N	\N	\N	2025-08-23 08:00:00+00	America/Mexico_City
f8df2f7d-40f9-41e5-82ed-3434dc90a80e	dd9463c5-85b5-41a6-803e-20becfd3fb94	CUBO	M2	2025-07-14	ENSAYADO	2025-08-19 01:16:33.140305+00	2025-08-19 01:17:15.627954+00	baf175a7-fcf7-4e71-b18f-e952d8802129	\N	10	\N	\N	\N	2025-07-14 17:47:00+00	America/Mexico_City
5b5b945a-7fc1-4294-bed2-6d071f416296	0645f3bf-f80a-477c-a455-b5cf6c5bdda6	CUBO	M2	2025-07-13	ENSAYADO	2025-08-19 01:16:33.140305+00	2025-08-19 01:17:15.627954+00	baf175a7-fcf7-4e71-b18f-e952d8802129	\N	10	\N	\N	\N	2025-07-13 18:00:00+00	America/Mexico_City
81542be5-e3c8-4875-8385-2ca83e699be0	35b25764-cead-41d5-ac4d-4b63dcada600	CUBO	M2	2025-07-16	ENSAYADO	2025-08-19 01:16:33.140305+00	2025-08-19 01:17:15.627954+00	baf175a7-fcf7-4e71-b18f-e952d8802129	\N	10	\N	\N	\N	2025-07-16 18:00:00+00	America/Mexico_City
cc2050c1-8122-4b0e-b2eb-c67efe80d5ef	1dc6484f-fb9b-4619-9a7e-da74e61fc8b8	CUBO	M2	2025-07-16	ENSAYADO	2025-08-19 01:16:33.140305+00	2025-08-19 01:17:15.627954+00	baf175a7-fcf7-4e71-b18f-e952d8802129	\N	10	\N	\N	\N	2025-07-16 16:00:00+00	America/Mexico_City
b4f5d4f1-dde6-4d6c-acbd-75dfc3200ff5	634b7ba2-79f9-4f8e-bd1c-848eae13bb69	CUBO	M2	2025-07-16	ENSAYADO	2025-08-19 01:16:33.140305+00	2025-08-19 01:17:15.627954+00	baf175a7-fcf7-4e71-b18f-e952d8802129	\N	10	\N	\N	\N	2025-07-16 19:28:00+00	America/Mexico_City
32aafb00-97e1-41f0-934a-535c3e59c5a5	2931e976-4a74-470e-8e73-1fbed2379341	CUBO	M1	2025-07-16	ENSAYADO	2025-08-19 01:16:33.140305+00	2025-08-19 01:17:15.627954+00	baf175a7-fcf7-4e71-b18f-e952d8802129	\N	10	\N	\N	\N	2025-07-16 00:32:00+00	America/Mexico_City
ef27507b-e672-410d-bb3a-0605aa5b2e9d	2931e976-4a74-470e-8e73-1fbed2379341	CUBO	M2	2025-07-16	ENSAYADO	2025-08-19 01:16:33.140305+00	2025-08-19 01:17:15.627954+00	baf175a7-fcf7-4e71-b18f-e952d8802129	\N	10	\N	\N	\N	2025-07-16 22:32:00+00	America/Mexico_City
41c0aa2b-2dd2-4895-b302-b55b322e7a67	b69d969b-d6b1-4014-903f-2a2d85792190	CUBO	M1	2025-07-16	ENSAYADO	2025-08-19 01:16:33.140305+00	2025-08-19 01:17:15.627954+00	baf175a7-fcf7-4e71-b18f-e952d8802129	\N	10	\N	\N	\N	2025-07-16 20:00:00+00	America/Mexico_City
97392a48-3a2e-4d4a-99d1-ad1c46efcf64	b69d969b-d6b1-4014-903f-2a2d85792190	CUBO	M2	2025-07-17	ENSAYADO	2025-08-19 01:16:33.140305+00	2025-08-19 01:17:15.627954+00	baf175a7-fcf7-4e71-b18f-e952d8802129	\N	10	\N	\N	\N	2025-07-17 18:00:00+00	America/Mexico_City
57be6c8b-4a90-4faf-99d8-17762009dc7b	f8f808c9-26f1-4978-a711-ed31fe29c1d6	CUBO	M1	2025-07-16	ENSAYADO	2025-08-19 01:16:33.140305+00	2025-08-19 01:17:15.627954+00	baf175a7-fcf7-4e71-b18f-e952d8802129	\N	10	\N	\N	\N	2025-07-16 21:35:00+00	America/Mexico_City
f31c3d9b-f2e8-448a-b118-67bbb4eb8efa	40534f99-8a79-4755-8ffb-3e37c31b8d07	CUBO	M1	2025-07-16	ENSAYADO	2025-08-19 01:16:33.140305+00	2025-08-19 01:17:15.627954+00	baf175a7-fcf7-4e71-b18f-e952d8802129	\N	10	\N	\N	\N	2025-07-16 22:50:00+00	America/Mexico_City
94ba7bac-68e7-4717-a564-4425123e7a24	d4b8a095-b5c9-41ff-9c1d-b822e59de9e9	CUBO	M1	2025-07-17	ENSAYADO	2025-08-19 01:16:33.140305+00	2025-08-19 01:17:15.627954+00	baf175a7-fcf7-4e71-b18f-e952d8802129	\N	10	\N	\N	\N	2025-07-17 00:00:00+00	America/Mexico_City
e421f7cb-02fa-449e-b008-ee6f65483822	5931541b-022e-4770-a262-602a3ef26e61	CUBO	M1	2025-07-17	ENSAYADO	2025-08-19 01:16:33.140305+00	2025-08-19 01:17:15.627954+00	baf175a7-fcf7-4e71-b18f-e952d8802129	\N	10	\N	\N	\N	2025-07-17 00:50:00+00	America/Mexico_City
732c1f96-6745-43d9-a775-6351cfc57a2a	e17f6b4f-b285-4119-b9e7-a202b8a4c62a	CUBO	M1	2025-07-17	ENSAYADO	2025-08-19 01:16:33.140305+00	2025-08-19 01:17:15.627954+00	baf175a7-fcf7-4e71-b18f-e952d8802129	\N	10	\N	\N	\N	2025-07-17 18:34:00+00	America/Mexico_City
99993de9-9e9d-49f8-9011-5821f5a81368	fe597b55-b4c4-41ef-b634-c3d61a1521d4	CUBO	M1	2025-07-18	ENSAYADO	2025-08-19 01:16:33.140305+00	2025-08-19 01:17:15.627954+00	baf175a7-fcf7-4e71-b18f-e952d8802129	\N	10	\N	\N	\N	2025-07-18 00:00:00+00	America/Mexico_City
f311ce15-3cf2-4bf4-a854-cd3b161db859	fe597b55-b4c4-41ef-b634-c3d61a1521d4	CUBO	M2	2025-07-18	ENSAYADO	2025-08-19 01:16:33.140305+00	2025-08-19 01:17:15.627954+00	baf175a7-fcf7-4e71-b18f-e952d8802129	\N	10	\N	\N	\N	2025-07-18 22:00:00+00	America/Mexico_City
beec350e-d7ac-40ac-a11d-c0af0f22aa0c	71ce1adb-c3ee-43c3-832d-ddf569d7de8b	CUBO	M1	2025-07-30	ENSAYADO	2025-08-19 01:16:33.140305+00	2025-08-19 01:17:15.627954+00	baf175a7-fcf7-4e71-b18f-e952d8802129	\N	10	\N	\N	\N	2025-07-30 01:43:00+00	America/Mexico_City
f1ed789e-4a74-426a-bd73-ec125eae5d16	71ce1adb-c3ee-43c3-832d-ddf569d7de8b	CUBO	M2	2025-07-30	ENSAYADO	2025-08-19 01:16:33.140305+00	2025-08-19 01:17:15.627954+00	baf175a7-fcf7-4e71-b18f-e952d8802129	\N	10	\N	\N	\N	2025-07-30 23:43:00+00	America/Mexico_City
54644972-d402-4faf-8c8a-1fa54ae05271	4bda31f8-018c-4c34-bc42-95f2c5103ddf	CUBO	M1	2025-07-30	ENSAYADO	2025-08-19 01:16:33.140305+00	2025-08-19 01:17:15.627954+00	baf175a7-fcf7-4e71-b18f-e952d8802129	\N	10	\N	\N	\N	2025-07-30 02:45:00+00	America/Mexico_City
ad07a693-cc72-4a7e-bba9-f78f16f8ad04	4bda31f8-018c-4c34-bc42-95f2c5103ddf	CUBO	M2	2025-07-31	ENSAYADO	2025-08-19 01:16:33.140305+00	2025-08-19 01:17:15.627954+00	baf175a7-fcf7-4e71-b18f-e952d8802129	\N	10	\N	\N	\N	2025-07-31 00:45:00+00	America/Mexico_City
e374a5b6-6634-4da7-a1c4-928fe87c745f	d3cfffc4-6117-4cc9-bc59-f1ed0f53da78	CUBO	M1	2025-07-30	ENSAYADO	2025-08-19 01:16:33.140305+00	2025-08-19 01:17:15.627954+00	baf175a7-fcf7-4e71-b18f-e952d8802129	\N	10	\N	\N	\N	2025-07-30 21:00:00+00	America/Mexico_City
998df895-5d00-45a3-9f65-3fe064fb46c4	d3cfffc4-6117-4cc9-bc59-f1ed0f53da78	CUBO	M2	2025-07-31	ENSAYADO	2025-08-19 01:16:33.140305+00	2025-08-19 01:17:15.627954+00	baf175a7-fcf7-4e71-b18f-e952d8802129	\N	10	\N	\N	\N	2025-07-31 19:00:00+00	America/Mexico_City
5eff6499-0962-42b2-b0fd-cde0e675374e	177e2262-4ca9-4e97-b425-1e6a22f8bc3a	CUBO	M1	2025-07-31	ENSAYADO	2025-08-19 01:16:33.140305+00	2025-08-19 01:17:15.627954+00	baf175a7-fcf7-4e71-b18f-e952d8802129	\N	10	\N	\N	\N	2025-07-31 02:27:00+00	America/Mexico_City
233324ca-fe5e-4c43-bffc-14c806ec29a7	177e2262-4ca9-4e97-b425-1e6a22f8bc3a	CUBO	M2	2025-08-01	ENSAYADO	2025-08-19 01:16:33.140305+00	2025-08-19 01:17:15.627954+00	baf175a7-fcf7-4e71-b18f-e952d8802129	\N	10	\N	\N	\N	2025-08-01 00:27:00+00	America/Mexico_City
2675de01-fe49-4a0c-9a55-82b6c43f7f5b	9e7e25b1-7415-40ea-8898-038070986f84	CUBO	M1	2025-07-30	ENSAYADO	2025-08-19 01:16:33.140305+00	2025-08-19 01:17:15.627954+00	baf175a7-fcf7-4e71-b18f-e952d8802129	\N	10	\N	\N	\N	2025-07-30 20:42:00+00	America/Mexico_City
9124e6f0-967f-4db2-967e-700071c5b475	9e7e25b1-7415-40ea-8898-038070986f84	CUBO	M2	2025-07-31	ENSAYADO	2025-08-19 01:16:33.140305+00	2025-08-19 01:17:15.627954+00	baf175a7-fcf7-4e71-b18f-e952d8802129	\N	10	\N	\N	\N	2025-07-31 18:42:00+00	America/Mexico_City
26666f9b-ab55-453c-aa02-0a59779317d6	18392c1a-39bd-494b-ab7f-d62432b0f287	CUBO	M1	2025-07-31	ENSAYADO	2025-08-19 01:16:33.140305+00	2025-08-19 01:17:15.627954+00	baf175a7-fcf7-4e71-b18f-e952d8802129	\N	10	\N	\N	\N	2025-07-31 21:53:00+00	America/Mexico_City
afbd60b0-91b5-4209-8d34-16a434b0a07d	18392c1a-39bd-494b-ab7f-d62432b0f287	CUBO	M2	2025-08-01	ENSAYADO	2025-08-19 01:16:33.140305+00	2025-08-19 01:17:15.627954+00	baf175a7-fcf7-4e71-b18f-e952d8802129	\N	10	\N	\N	\N	2025-08-01 19:53:00+00	America/Mexico_City
11954a85-e99b-4d86-a215-e24846af88a0	42c37b0d-d115-4e16-93ac-594956a97501	CUBO	M1	2025-08-01	ENSAYADO	2025-08-19 01:16:33.140305+00	2025-08-19 01:17:15.627954+00	baf175a7-fcf7-4e71-b18f-e952d8802129	\N	10	\N	\N	\N	2025-08-01 00:13:00+00	America/Mexico_City
73d9afbb-8c26-4221-8a19-6760a93fd598	42c37b0d-d115-4e16-93ac-594956a97501	CUBO	M2	2025-08-01	ENSAYADO	2025-08-19 01:16:33.140305+00	2025-08-19 01:17:15.627954+00	baf175a7-fcf7-4e71-b18f-e952d8802129	\N	10	\N	\N	\N	2025-08-01 22:13:00+00	America/Mexico_City
c728dd43-21c6-4f69-8f95-d2fd971c3ceb	009cba1a-0307-4de9-9032-68ab6c7af05f	CUBO	M1	2025-08-01	ENSAYADO	2025-08-19 01:16:33.140305+00	2025-08-19 01:17:15.627954+00	baf175a7-fcf7-4e71-b18f-e952d8802129	\N	10	\N	\N	\N	2025-08-01 20:36:00+00	America/Mexico_City
0f1244a1-9d2a-4933-88dc-f39d4b8809f1	009cba1a-0307-4de9-9032-68ab6c7af05f	CUBO	M2	2025-08-02	ENSAYADO	2025-08-19 01:16:33.140305+00	2025-08-19 01:17:15.627954+00	baf175a7-fcf7-4e71-b18f-e952d8802129	\N	10	\N	\N	\N	2025-08-02 18:36:00+00	America/Mexico_City
25acc1cd-1140-462f-91d3-d34b90926879	c7001eff-0f00-4fff-902c-ecb313a71927	CUBO	M1	2025-08-01	ENSAYADO	2025-08-19 01:16:33.140305+00	2025-08-19 01:17:15.627954+00	baf175a7-fcf7-4e71-b18f-e952d8802129	\N	10	\N	\N	\N	2025-08-01 21:30:00+00	America/Mexico_City
d8d4e2f7-2887-4ac1-bfb8-cbb20984d2ad	c7001eff-0f00-4fff-902c-ecb313a71927	CUBO	M2	2025-08-02	ENSAYADO	2025-08-19 01:16:33.140305+00	2025-08-19 01:17:15.627954+00	baf175a7-fcf7-4e71-b18f-e952d8802129	\N	10	\N	\N	\N	2025-08-02 19:30:00+00	America/Mexico_City
b3928435-d2cf-44bd-b333-8d44c7fde7ae	0832dc90-be92-4ba0-ba1d-d319171cdc87	CUBO	M1	2025-08-01	ENSAYADO	2025-08-19 01:16:33.140305+00	2025-08-19 01:17:15.627954+00	baf175a7-fcf7-4e71-b18f-e952d8802129	\N	10	\N	\N	\N	2025-08-01 22:51:00+00	America/Mexico_City
ecfac66c-8c42-4cc5-9253-02b52cf82b32	0832dc90-be92-4ba0-ba1d-d319171cdc87	CUBO	M2	2025-08-02	ENSAYADO	2025-08-19 01:16:33.140305+00	2025-08-19 01:17:15.627954+00	baf175a7-fcf7-4e71-b18f-e952d8802129	\N	10	\N	\N	\N	2025-08-02 20:51:00+00	America/Mexico_City
