3bd2d735-786f-4890-ac3e-0d60681caf28	2a21f8c9-5165-4d84-b278-ed2d651a8f46	2025-07-09	36380.00	363.80	103.94	\N	\N	2025-08-19 01:17:15.627954+00	2025-08-19 01:17:15.627954+00	baf175a7-fcf7-4e71-b18f-e952d8802129	2025-07-09 19:50:00+00	America/Mexico_City
fe4f8ddb-3874-4a63-b00e-697fb4829eed	32ad3228-6f59-4858-86bf-b09d0fd8e5cb	2025-07-11	36370.00	363.70	103.91	\N	\N	2025-08-19 01:17:15.627954+00	2025-08-19 01:17:15.627954+00	baf175a7-fcf7-4e71-b18f-e952d8802129	2025-07-11 03:15:00+00	America/Mexico_City
0d58a76a-ba01-43c2-a870-6460858c8206	eb5bb60b-9c25-434e-a26d-41e964da21fa	2025-07-12	57820.00	578.20	165.20	\N	\N	2025-08-19 01:17:15.627954+00	2025-08-19 01:17:15.627954+00	baf175a7-fcf7-4e71-b18f-e952d8802129	2025-07-12 01:15:00+00	America/Mexico_City
90508edc-847f-4b8b-9c49-4bfc0341cbc4	63b23290-3297-426e-8ff4-d517be9760aa	2025-07-12	59910.00	599.10	171.17	\N	\N	2025-08-19 01:17:15.627954+00	2025-08-19 01:17:15.627954+00	baf175a7-fcf7-4e71-b18f-e952d8802129	2025-07-12 19:15:00+00	America/Mexico_City
8eebc703-8cf8-4b3a-9119-91c3379a1b67	cf6dd634-8cd3-4190-8537-2c939c115aea	2025-07-11	30250.00	302.50	86.43	\N	\N	2025-08-19 01:17:15.627954+00	2025-08-19 01:17:15.627954+00	baf175a7-fcf7-4e71-b18f-e952d8802129	2025-07-11 20:00:00+00	America/Mexico_City
077350e8-f946-4a4f-b996-3ddee9e62f2a	ba9d3b48-a703-4762-bb8c-6026d5721bb6	2025-07-12	34900.00	349.00	99.71	\N	\N	2025-08-19 01:17:15.627954+00	2025-08-19 01:17:15.627954+00	baf175a7-fcf7-4e71-b18f-e952d8802129	2025-07-12 18:00:00+00	America/Mexico_City
25e90418-861f-439b-95a8-4ec4e66c4e3b	6d7df1e0-9a9a-419a-bea5-95ddad30d526	2025-07-13	40370.00	403.70	115.34	\N	\N	2025-08-19 01:17:15.627954+00	2025-08-19 01:17:15.627954+00	baf175a7-fcf7-4e71-b18f-e952d8802129	2025-07-13 06:00:00+00	America/Mexico_City
14bd8362-b5e5-4f56-810c-aea579690bd7	551370a1-9a67-4df1-8fa8-0b00a666cab3	2025-07-12	47100.00	471.00	134.57	\N	\N	2025-08-19 01:17:15.627954+00	2025-08-19 01:17:15.627954+00	baf175a7-fcf7-4e71-b18f-e952d8802129	2025-07-12 02:10:00+00	America/Mexico_City
86ac5d26-6572-4fc4-b2bd-a5f79a7770d9	0a6a36a1-bd32-43cc-9b29-34cf46cfe986	2025-07-13	55290.00	552.90	157.97	\N	\N	2025-08-19 01:17:15.627954+00	2025-08-19 01:17:15.627954+00	baf175a7-fcf7-4e71-b18f-e952d8802129	2025-07-13 00:10:00+00	America/Mexico_City
d3951dcd-1bf1-4e79-8ef9-97c1cb7b4067	3de58e1a-4f03-4510-bd6f-6e768b5a337f	2025-07-13	43890.00	438.90	125.40	\N	\N	2025-08-19 01:17:15.627954+00	2025-08-19 01:17:15.627954+00	baf175a7-fcf7-4e71-b18f-e952d8802129	2025-07-13 20:11:00+00	America/Mexico_City
68dba60e-e06c-4987-a81a-b7832e2b2271	5a205604-27be-4baa-82b1-3bd4916becfc	2025-07-14	48840.00	488.40	139.54	\N	\N	2025-08-19 01:17:15.627954+00	2025-08-19 01:17:15.627954+00	baf175a7-fcf7-4e71-b18f-e952d8802129	2025-07-14 18:11:00+00	America/Mexico_City
48d2a060-17b9-4712-8515-6a8b7229a920	e29fd1de-97db-4535-b382-10294345eadc	2025-07-12	31050.00	310.50	88.71	\N	\N	2025-08-19 01:17:15.627954+00	2025-08-19 01:17:15.627954+00	baf175a7-fcf7-4e71-b18f-e952d8802129	2025-07-12 20:00:00+00	America/Mexico_City
a3cf3a4a-4d93-416b-b4c1-3468c44cd03b	5b5b945a-7fc1-4294-bed2-6d071f416296	2025-07-13	34530.00	345.30	98.66	\N	\N	2025-08-19 01:17:15.627954+00	2025-08-19 01:17:15.627954+00	baf175a7-fcf7-4e71-b18f-e952d8802129	2025-07-13 18:00:00+00	America/Mexico_City
c8a443f6-3446-49d5-8ce6-6a76a0f6e323	1f327713-faff-4183-8d4b-9c47e73feb35	2025-07-14	45630.00	456.30	130.37	\N	\N	2025-08-19 01:17:15.627954+00	2025-08-19 01:17:15.627954+00	baf175a7-fcf7-4e71-b18f-e952d8802129	2025-07-14 06:00:00+00	America/Mexico_City
d512158b-8272-48a4-b3ed-63de990f466c	c30cbb0e-753f-41a2-a7f8-111d594a280a	2025-07-11	59910.00	599.10	108.93	\N	\N	2025-08-19 01:17:15.627954+00	2025-08-20 05:21:01.043392+00	baf175a7-fcf7-4e71-b18f-e952d8802129	2025-07-11 22:00:00+00	America/Mexico_City
2810d1a2-b8a1-414b-a615-e10b90fa997b	8bbe7439-aa44-42e9-870b-b4146ae2ed5c	2025-07-12	66860.00	668.60	121.56	\N	\N	2025-08-19 01:17:15.627954+00	2025-08-20 05:21:01.043392+00	baf175a7-fcf7-4e71-b18f-e952d8802129	2025-07-12 20:00:00+00	America/Mexico_City
8e754258-6dfe-4f48-a5e1-1bbfe1255137	1c818673-59cc-4a6a-9c22-79a7f84a90ea	2025-07-09	55050.00	550.50	100.09	\N	\N	2025-08-19 01:17:15.627954+00	2025-08-20 05:21:01.043392+00	baf175a7-fcf7-4e71-b18f-e952d8802129	2025-07-09 20:00:00+00	America/Mexico_City
6d6242be-7348-4682-8c01-3169fb6b041a	8e396ae3-fbff-4f73-bcb5-8be8c2faac94	2025-07-15	34740.00	347.40	99.26	\N	\N	2025-08-19 01:17:15.627954+00	2025-08-19 01:17:15.627954+00	baf175a7-fcf7-4e71-b18f-e952d8802129	2025-07-15 20:00:00+00	America/Mexico_City
3ab11f12-099e-4119-a5be-1e2fba65eee5	81542be5-e3c8-4875-8385-2ca83e699be0	2025-07-16	41610.00	416.10	118.89	\N	\N	2025-08-19 01:17:15.627954+00	2025-08-19 01:17:15.627954+00	baf175a7-fcf7-4e71-b18f-e952d8802129	2025-07-16 18:00:00+00	America/Mexico_City
a55dc0e4-b0c7-46ab-af9a-763eb92f0a31	616c2a2c-eac4-4391-987e-ebee56e92b82	2025-07-14	43910.00	439.10	122.83	\N	\N	2025-08-18 18:30:37.368801+00	2025-08-18 18:30:37.368801+00	836cbbcf-67b2-4534-97cc-b83e71722ff7	2025-07-14 08:00:00+00	America/Mexico_City
d1400090-3f11-48cb-adaf-661eb2b47ebf	8f09df32-eb92-4b18-9778-cb4d194dc137	2025-07-21	46580.00	465.80	105.86	\N	\N	2025-08-18 18:30:37.368801+00	2025-08-18 18:30:37.368801+00	836cbbcf-67b2-4534-97cc-b83e71722ff7	2025-07-21 08:00:00+00	America/Mexico_City
c61af600-7fc7-4a7c-b5ae-77595b22e3a7	bab91acf-07e1-4672-a88b-9496501133a7	2025-07-21	46580.00	465.80	105.86	\N	\N	2025-08-18 18:30:37.368801+00	2025-08-18 18:30:37.368801+00	836cbbcf-67b2-4534-97cc-b83e71722ff7	2025-07-21 08:00:00+00	America/Mexico_City
fdd85663-c5dd-4bbb-990b-815dfafd8d96	dcc67a9b-25a6-4f5c-bca8-c57aa75a32cc	2025-08-04	66515.00	665.15	120.94	\N	\N	2025-08-18 18:30:37.368801+00	2025-08-18 18:30:37.368801+00	836cbbcf-67b2-4534-97cc-b83e71722ff7	2025-08-04 08:00:00+00	America/Mexico_City
0f017181-dba3-4a23-b946-97c0f768ca38	437d9a3a-9ea9-438b-847f-105f1a90fac1	2025-08-04	66717.00	667.17	121.30	\N	\N	2025-08-18 18:30:37.368801+00	2025-08-18 18:30:37.368801+00	836cbbcf-67b2-4534-97cc-b83e71722ff7	2025-08-04 08:00:00+00	America/Mexico_City
543c078f-aba4-476d-8b95-a434df8356ee	d8bcd8df-5571-4b08-8e6d-da09130e3d02	2025-07-16	77800.00	345.78	118.22	\N	\N	2025-08-18 18:30:37.368801+00	2025-08-18 18:30:37.368801+00	836cbbcf-67b2-4534-97cc-b83e71722ff7	2025-07-16 08:00:00+00	America/Mexico_City
20371795-4f0f-45f8-bd4c-767ed9fee194	9a053cb8-aaf4-4ae9-a56a-83f1a5a57fe9	2025-07-23	48700.00	216.44	60.12	\N	\N	2025-08-18 18:30:37.368801+00	2025-08-18 18:30:37.368801+00	836cbbcf-67b2-4534-97cc-b83e71722ff7	2025-07-23 08:00:00+00	America/Mexico_City
e9bd3fa6-25ce-4466-b015-f5804d6664c6	77885bf8-bd25-44e0-a677-78370334139a	2025-08-06	48750.00	487.50	108.33	\N	\N	2025-08-18 18:30:37.368801+00	2025-08-18 18:30:37.368801+00	836cbbcf-67b2-4534-97cc-b83e71722ff7	2025-08-06 08:00:00+00	America/Mexico_City
d2e95166-250b-4442-a150-c8b4cb356128	d2bfdff0-a374-4c4a-b7e4-dd27246de188	2025-08-06	49378.00	493.78	109.73	\N	\N	2025-08-18 18:30:37.368801+00	2025-08-18 18:30:37.368801+00	836cbbcf-67b2-4534-97cc-b83e71722ff7	2025-08-06 08:00:00+00	America/Mexico_City
0ac77f43-b5ca-4689-98bb-c6467966c2ae	0dcc0025-698c-4cdd-abb9-b22113057fe8	2025-07-16	58830.00	588.30	164.56	\N	\N	2025-08-18 18:30:37.368801+00	2025-08-18 18:30:37.368801+00	836cbbcf-67b2-4534-97cc-b83e71722ff7	2025-07-16 08:00:00+00	America/Mexico_City
4c3438a1-a0b1-4331-a71e-bff6fa579a98	4de302c7-891d-4254-967b-3e06bc1a9b4e	2025-07-23	49900.00	499.00	113.41	\N	\N	2025-08-18 18:30:37.368801+00	2025-08-18 18:30:37.368801+00	836cbbcf-67b2-4534-97cc-b83e71722ff7	2025-07-23 08:00:00+00	America/Mexico_City
e70bca65-0311-435c-81c5-432a2a8b5757	d42758b4-998c-4dcb-aff8-075d91d70487	2025-08-06	63117.00	631.17	114.76	\N	\N	2025-08-18 18:30:37.368801+00	2025-08-18 18:30:37.368801+00	836cbbcf-67b2-4534-97cc-b83e71722ff7	2025-08-06 08:00:00+00	America/Mexico_City
7611bebe-f3de-4589-bfeb-51e3609fbe41	13b55c3e-b121-45ab-8a38-d88cf518a09a	2025-08-06	64115.00	641.15	116.57	\N	\N	2025-08-18 18:30:37.368801+00	2025-08-18 18:30:37.368801+00	836cbbcf-67b2-4534-97cc-b83e71722ff7	2025-08-06 08:00:00+00	America/Mexico_City
244586b9-c209-4926-a648-b4565a6ed46d	1b85733a-d841-4b88-a48f-24fa4234a1ea	2025-07-13	43500.00	435.00	124.29	\N	\N	2025-08-18 18:30:37.368801+00	2025-08-18 18:30:37.368801+00	836cbbcf-67b2-4534-97cc-b83e71722ff7	2025-07-13 08:00:00+00	America/Mexico_City
31f22d4e-26d0-4cc6-b4ae-bc8f63e07888	bb03267c-e63c-4c69-a6b3-5351ecdf3924	2025-07-13	43500.00	435.00	124.29	\N	\N	2025-08-18 18:30:37.368801+00	2025-08-18 18:30:37.368801+00	836cbbcf-67b2-4534-97cc-b83e71722ff7	2025-07-13 08:00:00+00	America/Mexico_City
bc59f777-f1a8-4da2-97fc-e0c26af8eac0	ebfe3c9a-0cf8-49d0-a96f-574bb067d82d	2025-07-13	40710.00	407.10	116.31	\N	\N	2025-08-18 18:30:37.368801+00	2025-08-18 18:30:37.368801+00	836cbbcf-67b2-4534-97cc-b83e71722ff7	2025-07-13 08:00:00+00	America/Mexico_City
5f8e779b-c955-49bf-9da4-6bee51b700e4	921a1511-a1a0-4985-a6b2-8cac2995df44	2025-07-13	43500.00	435.00	124.29	\N	\N	2025-08-18 18:30:37.368801+00	2025-08-18 18:30:37.368801+00	836cbbcf-67b2-4534-97cc-b83e71722ff7	2025-07-13 08:00:00+00	America/Mexico_City
b9899d70-c856-463f-8f21-0ac7788a70f6	33deeffc-5a16-4cbd-a29b-03eb001dfc5b	2025-07-17	42430.00	424.30	121.23	\N	\N	2025-08-19 01:17:15.627954+00	2025-08-19 01:17:15.627954+00	baf175a7-fcf7-4e71-b18f-e952d8802129	2025-07-17 06:00:00+00	America/Mexico_City
900538c3-4fcd-4a72-b68c-bb7ba2524c99	cbe7b481-6be6-408d-aa9a-584049ff8bba	2025-07-18	80100.00	356.00	121.71	\N	\N	2025-08-18 18:30:37.368801+00	2025-08-18 18:30:37.368801+00	836cbbcf-67b2-4534-97cc-b83e71722ff7	2025-07-18 08:00:00+00	America/Mexico_City
f0447af6-45c5-4aac-8d1b-bbe4759d80a1	08bf7339-3b24-47c0-b20c-187eb7b566c5	2025-07-25	98150.00	436.22	121.17	\N	\N	2025-08-18 18:30:37.368801+00	2025-08-18 18:30:37.368801+00	836cbbcf-67b2-4534-97cc-b83e71722ff7	2025-07-25 08:00:00+00	America/Mexico_City
01e3cef2-a193-4cec-a2bb-fd1b207356d0	7b199868-e378-475a-bd9a-975c7d5b49bd	2025-08-08	62112.00	621.12	138.03	\N	\N	2025-08-18 18:30:37.368801+00	2025-08-18 18:30:37.368801+00	836cbbcf-67b2-4534-97cc-b83e71722ff7	2025-08-08 08:00:00+00	America/Mexico_City
e327ffc5-b271-49df-a457-3b36e2b3c480	9b9e8624-0280-4b63-bdbb-02e93d3ed6f8	2025-07-12	64760.00	647.60	117.75	\N	\N	2025-08-18 18:30:37.368801+00	2025-08-18 18:30:37.368801+00	836cbbcf-67b2-4534-97cc-b83e71722ff7	2025-07-12 08:00:00+00	America/Mexico_City
099757c2-8226-4c1c-8783-5afde26169e5	6089c83a-499f-45c6-afb6-a0e295d50b07	2025-07-12	64760.00	647.60	117.75	\N	\N	2025-08-18 18:30:37.368801+00	2025-08-18 18:30:37.368801+00	836cbbcf-67b2-4534-97cc-b83e71722ff7	2025-07-12 08:00:00+00	America/Mexico_City
236defe6-aa78-4f8a-a9e7-548dd673e84d	1a66f922-c582-4b7e-bd8d-bdf22245ae56	2025-07-14	68610.00	686.10	124.75	\N	\N	2025-08-18 18:30:37.368801+00	2025-08-18 18:30:37.368801+00	836cbbcf-67b2-4534-97cc-b83e71722ff7	2025-07-14 08:00:00+00	America/Mexico_City
c16bcfb9-519e-47b3-a61e-ab26fb2bc5fd	42a7389a-47dd-4a15-b050-ad2945fcbacb	2025-07-12	33100.00	331.00	94.57	\N	\N	2025-08-18 18:30:37.368801+00	2025-08-18 18:30:37.368801+00	836cbbcf-67b2-4534-97cc-b83e71722ff7	2025-07-12 08:00:00+00	America/Mexico_City
7d0d5e20-9b0e-473e-8ec2-3704979699d1	7ca43219-5337-427c-b0a5-56477eb2158d	2025-07-12	68600.00	304.89	87.11	\N	\N	2025-08-18 18:30:37.368801+00	2025-08-18 18:30:37.368801+00	836cbbcf-67b2-4534-97cc-b83e71722ff7	2025-07-12 08:00:00+00	America/Mexico_City
533f5f28-f8d1-4d7e-9bc1-6b902195c171	30ed4b6d-9b7e-4ad6-84a8-1030a5a64678	2025-07-14	41210.00	412.10	117.74	\N	\N	2025-08-18 18:30:37.368801+00	2025-08-18 18:30:37.368801+00	836cbbcf-67b2-4534-97cc-b83e71722ff7	2025-07-14 08:00:00+00	America/Mexico_City
fbfe27e8-18e8-4ea2-a2ae-850caff09368	281e4881-53e9-43e1-a331-1d6584ec1022	2025-07-14	90000.00	400.00	114.29	\N	\N	2025-08-18 18:30:37.368801+00	2025-08-18 18:30:37.368801+00	836cbbcf-67b2-4534-97cc-b83e71722ff7	2025-07-14 08:00:00+00	America/Mexico_City
e7d07987-508c-4c2e-8514-db86185ab6fd	f8afa439-8163-4f50-bdee-c5bb4d160acf	2025-08-10	69990.00	699.90	127.25	\N	\N	2025-08-18 18:30:37.368801+00	2025-08-18 18:30:37.368801+00	836cbbcf-67b2-4534-97cc-b83e71722ff7	2025-08-10 08:00:00+00	America/Mexico_City
a53ec7ad-7cdc-4b55-8588-6fc928c6855b	686f8391-15fa-4f03-bb4c-5ed37ed5f42e	2025-08-12	102133.00	453.92	100.87	\N	\N	2025-08-18 18:30:37.368801+00	2025-08-18 18:30:37.368801+00	836cbbcf-67b2-4534-97cc-b83e71722ff7	2025-08-12 08:00:00+00	America/Mexico_City
3d9586b3-16d0-42c5-a0c5-93c33ebb70a1	8d5be666-8f81-4342-9e84-a29f01f8a359	2025-08-12	102133.00	453.92	100.87	\N	\N	2025-08-18 18:30:37.368801+00	2025-08-18 18:30:37.368801+00	836cbbcf-67b2-4534-97cc-b83e71722ff7	2025-08-12 08:00:00+00	America/Mexico_City
b0185c5d-8381-4528-a744-7a53244b6b08	3c7c9035-686a-48bd-91fb-4c2e09d37f71	2025-08-12	2300.00	30.67	63.90	\N	\N	2025-08-18 18:31:13.171258+00	2025-08-18 18:31:13.171258+00	836cbbcf-67b2-4534-97cc-b83e71722ff7	2025-08-12 08:00:00+00	America/Mexico_City
331b399f-c179-400a-8bbf-de8a107f7baf	7607dcca-0de1-47bc-b5ac-5abdc68f0858	2025-08-12	49507.00	495.07	110.00	\N	\N	2025-08-18 18:30:37.368801+00	2025-08-18 18:30:37.368801+00	836cbbcf-67b2-4534-97cc-b83e71722ff7	2025-08-12 08:00:00+00	America/Mexico_City
2af665f1-0181-47b5-a25b-5f67301e4033	a41c7237-43da-42e0-b650-5e1ddecd6fd1	2025-08-12	49507.00	495.07	110.00	\N	\N	2025-08-18 18:30:37.368801+00	2025-08-18 18:30:37.368801+00	836cbbcf-67b2-4534-97cc-b83e71722ff7	2025-08-12 08:00:00+00	America/Mexico_City
c37f6654-926a-41d2-a6f9-5ff6b846aaa9	5d3e5109-8b85-4cf5-821c-bd01a6abe426	2025-08-12	119943.00	533.08	118.46	\N	\N	2025-08-18 18:30:37.368801+00	2025-08-18 18:30:37.368801+00	836cbbcf-67b2-4534-97cc-b83e71722ff7	2025-08-12 08:00:00+00	America/Mexico_City
df38a6fc-a220-4688-9662-699ebcde549b	92aebff7-bbfb-41e3-be1d-7e74addb463e	2025-08-08	99151.00	440.67	97.93	\N	\N	2025-08-18 18:30:37.368801+00	2025-08-18 18:30:37.368801+00	836cbbcf-67b2-4534-97cc-b83e71722ff7	2025-08-08 08:00:00+00	America/Mexico_City
360e3c72-74f3-446e-ad33-59cf40d6949a	32aafb00-97e1-41f0-934a-535c3e59c5a5	2025-07-16	35870.00	358.70	102.49	\N	\N	2025-08-19 01:17:15.627954+00	2025-08-19 01:17:15.627954+00	baf175a7-fcf7-4e71-b18f-e952d8802129	2025-07-16 00:32:00+00	America/Mexico_City
54c92004-ef7e-4450-9af5-968c9a5a86b9	448b8bb7-c8a3-4649-9e5b-d1f24a4c68cd	2025-08-12	3328.00	44.37	92.44	\N	\N	2025-08-18 18:31:13.171258+00	2025-08-18 18:31:13.171258+00	836cbbcf-67b2-4534-97cc-b83e71722ff7	2025-08-12 08:00:00+00	America/Mexico_City
89e718fb-91de-4d38-82f1-506200fb6730	6322cc05-510b-4954-ae3a-1348f053aac6	2025-08-15	62019.00	275.64	78.75	\N	\N	2025-08-18 18:31:13.171258+00	2025-08-18 18:31:13.171258+00	836cbbcf-67b2-4534-97cc-b83e71722ff7	2025-08-15 08:00:00+00	America/Mexico_City
29c42efa-a50c-46ca-8ea2-a680e0876ec9	4aa1ac83-6830-42ad-853d-41111f52bc6f	2025-08-15	67698.00	300.88	85.97	\N	\N	2025-08-18 18:31:13.171258+00	2025-08-18 18:31:13.171258+00	836cbbcf-67b2-4534-97cc-b83e71722ff7	2025-08-15 08:00:00+00	America/Mexico_City
41255966-9269-443f-b091-41bf64aa3889	d5fc7c92-cbb5-44af-a626-994fe8c42acf	2025-08-16	2186.00	29.15	60.73	\N	\N	2025-08-18 18:31:13.171258+00	2025-08-18 18:31:13.171258+00	836cbbcf-67b2-4534-97cc-b83e71722ff7	2025-08-16 08:00:00+00	America/Mexico_City
a5345e30-3d3b-4954-9596-bba1b1bcb17a	de4cf3af-6fbe-42b4-8016-d18034d6970f	2025-08-16	27783.00	277.83	79.38	\N	\N	2025-08-18 18:31:13.171258+00	2025-08-18 18:31:13.171258+00	836cbbcf-67b2-4534-97cc-b83e71722ff7	2025-08-16 08:00:00+00	America/Mexico_City
efad898b-33e1-4515-bf4a-98ff92b7785e	78ac25b1-673c-487d-b30d-cb64db847fd9	2025-08-16	34552.00	439.93	125.69	\N	\N	2025-08-18 18:31:13.171258+00	2025-08-18 18:31:13.171258+00	836cbbcf-67b2-4534-97cc-b83e71722ff7	2025-08-16 08:00:00+00	America/Mexico_City
9346dc69-0e13-46d1-b758-f2751f70cb80	125a44bb-acd7-41b3-8ec1-8f421ab544df	2025-08-19	2425.00	32.33	67.35	\N	\N	2025-08-18 18:31:13.171258+00	2025-08-18 18:31:13.171258+00	836cbbcf-67b2-4534-97cc-b83e71722ff7	2025-08-19 08:00:00+00	America/Mexico_City
696432b8-247a-4452-a4b5-27623d5e6fd2	2a8049bd-2551-41b0-9d74-136c1da9fc85	2025-08-20	36591.00	365.91	81.31	\N	\N	2025-08-18 18:31:13.171258+00	2025-08-18 18:31:13.171258+00	836cbbcf-67b2-4534-97cc-b83e71722ff7	2025-08-20 08:00:00+00	America/Mexico_City
2f841854-a5a1-401c-bfe4-5add7d054dbd	74914674-24e0-4a5e-9016-373b020ff925	2025-08-20	36591.00	365.91	81.31	\N	\N	2025-08-18 18:31:13.171258+00	2025-08-18 18:31:13.171258+00	836cbbcf-67b2-4534-97cc-b83e71722ff7	2025-08-20 08:00:00+00	America/Mexico_City
17248de4-a992-4efe-89ae-24165b22c567	ecac4c1a-92ee-4f61-818d-e82a1b8deefe	2025-08-20	36591.00	365.91	81.31	\N	\N	2025-08-18 18:31:13.171258+00	2025-08-18 18:31:13.171258+00	836cbbcf-67b2-4534-97cc-b83e71722ff7	2025-08-20 08:00:00+00	America/Mexico_City
b03d046e-2ef7-42cf-9374-cb728ada6753	d7193bde-b44c-4169-a4d1-7d35c158e605	2025-08-20	36591.00	365.91	81.31	\N	\N	2025-08-18 18:31:13.171258+00	2025-08-18 18:31:13.171258+00	836cbbcf-67b2-4534-97cc-b83e71722ff7	2025-08-20 08:00:00+00	America/Mexico_City
d01da564-25ce-4b69-9a00-9a4578a4020f	b53abbb6-1e0a-441a-a0c1-67e7751242e2	2025-08-20	50273.00	502.73	143.64	\N	\N	2025-08-18 18:31:13.171258+00	2025-08-18 18:31:13.171258+00	836cbbcf-67b2-4534-97cc-b83e71722ff7	2025-08-20 08:00:00+00	America/Mexico_City
0c316860-0953-48e0-a291-3a27ea5e149d	e327177e-fda9-48aa-8684-be0f5c26098e	2025-08-20	50273.00	502.73	143.64	\N	\N	2025-08-18 18:31:13.171258+00	2025-08-18 18:31:13.171258+00	836cbbcf-67b2-4534-97cc-b83e71722ff7	2025-08-20 08:00:00+00	America/Mexico_City
c557fd12-f599-42c8-9c39-1b1561a5559c	6bbeab55-1c0c-405a-af8c-2e394bd63986	2025-08-20	50273.00	502.73	143.64	\N	\N	2025-08-18 18:31:13.171258+00	2025-08-18 18:31:13.171258+00	836cbbcf-67b2-4534-97cc-b83e71722ff7	2025-08-20 08:00:00+00	America/Mexico_City
45784eef-99d4-43f4-9f3f-004b368dec67	2e0a1db7-8165-4971-8360-ccc1ba8618f0	2025-08-20	50273.00	502.73	143.64	\N	\N	2025-08-18 18:31:13.171258+00	2025-08-18 18:31:13.171258+00	836cbbcf-67b2-4534-97cc-b83e71722ff7	2025-08-20 08:00:00+00	America/Mexico_City
595c52d4-c76a-424d-8219-5909285ec06a	6683d447-6a01-4d30-ba6a-a2e1dac515cc	2025-08-20	63146.00	280.65	80.19	\N	\N	2025-08-18 18:31:13.171258+00	2025-08-18 18:31:13.171258+00	836cbbcf-67b2-4534-97cc-b83e71722ff7	2025-08-20 08:00:00+00	America/Mexico_City
beef6d96-74e9-4e7c-a004-57d726c0ca48	ef6629c9-ff16-41f5-8f18-22da508768b2	2025-08-20	63146.00	280.65	80.19	\N	\N	2025-08-18 18:31:13.171258+00	2025-08-18 18:31:13.171258+00	836cbbcf-67b2-4534-97cc-b83e71722ff7	2025-08-20 08:00:00+00	America/Mexico_City
03bf1d46-7317-44dc-b7ee-1a475a9c21bb	cad2c9a7-7230-44f4-acac-f1e10373ea52	2025-08-20	63146.00	280.65	80.19	\N	\N	2025-08-18 18:31:13.171258+00	2025-08-18 18:31:13.171258+00	836cbbcf-67b2-4534-97cc-b83e71722ff7	2025-08-20 08:00:00+00	America/Mexico_City
6b386d7a-f736-4052-9995-fb4bab91342d	6b5a44a5-a418-4502-84d4-b9396c0af291	2025-08-20	63146.00	280.65	80.19	\N	\N	2025-08-18 18:31:13.171258+00	2025-08-18 18:31:13.171258+00	836cbbcf-67b2-4534-97cc-b83e71722ff7	2025-08-20 08:00:00+00	America/Mexico_City
b8c541fe-e6ae-406b-8892-5a7f7343a007	a83f7836-4292-413d-822d-6a32698ae7f6	2025-08-20	74928.00	333.01	95.15	\N	\N	2025-08-18 18:31:13.171258+00	2025-08-18 18:31:13.171258+00	836cbbcf-67b2-4534-97cc-b83e71722ff7	2025-08-20 08:00:00+00	America/Mexico_City
f621cfe8-d21e-4dc5-8971-f98d84c2c12d	c75503ce-f817-4e09-b205-fc2f26c3319d	2025-08-20	74928.00	333.01	95.15	\N	\N	2025-08-18 18:31:13.171258+00	2025-08-18 18:31:13.171258+00	836cbbcf-67b2-4534-97cc-b83e71722ff7	2025-08-20 08:00:00+00	America/Mexico_City
5b53f29e-c06c-4a07-998e-f17c84c60fba	865a13e8-d9a2-4e04-8563-43d3260f56c1	2025-07-26	99442.00	441.96	126.27	\N	\N	2025-08-18 18:31:13.171258+00	2025-08-18 18:31:13.171258+00	836cbbcf-67b2-4534-97cc-b83e71722ff7	2025-07-26 08:00:00+00	America/Mexico_City
797f9c23-029b-48cf-b7a2-63d310205d50	84be3a96-3519-468e-903c-db1ea5296085	2025-07-26	102340.00	454.84	129.95	\N	\N	2025-08-18 18:31:13.171258+00	2025-08-18 18:31:13.171258+00	836cbbcf-67b2-4534-97cc-b83e71722ff7	2025-07-26 08:00:00+00	America/Mexico_City
b70dfef1-399d-4553-b178-b394621069ff	ef6629c9-ff16-41f5-8f18-22da508768b2	2025-08-20	74928.00	333.01	95.15	\N	\N	2025-08-18 18:31:13.171258+00	2025-08-18 18:31:13.171258+00	836cbbcf-67b2-4534-97cc-b83e71722ff7	2025-08-20 08:00:00+00	America/Mexico_City
65402e27-818e-43fb-bd1d-24042b9c7755	cad2c9a7-7230-44f4-acac-f1e10373ea52	2025-08-20	74928.00	333.01	95.15	\N	\N	2025-08-18 18:31:13.171258+00	2025-08-18 18:31:13.171258+00	836cbbcf-67b2-4534-97cc-b83e71722ff7	2025-08-20 08:00:00+00	America/Mexico_City
54e07bdb-cc0f-44ac-a65b-c8491b21f548	6b5a44a5-a418-4502-84d4-b9396c0af291	2025-08-20	74928.00	333.01	95.15	\N	\N	2025-08-18 18:31:13.171258+00	2025-08-18 18:31:13.171258+00	836cbbcf-67b2-4534-97cc-b83e71722ff7	2025-08-20 08:00:00+00	America/Mexico_City
163decae-2f18-4ebb-890c-661e5ef85577	596b6b16-a161-4162-9ee5-5fe888daf38a	2025-08-21	2514.00	33.52	69.83	\N	\N	2025-08-18 18:31:13.171258+00	2025-08-18 18:31:13.171258+00	836cbbcf-67b2-4534-97cc-b83e71722ff7	2025-08-21 08:00:00+00	America/Mexico_City
c6d0f48b-ce6c-4d68-a057-9316ee24fee2	4924a431-e111-451f-956b-4f37589a9627	2025-08-22	2865.00	38.20	79.58	\N	\N	2025-08-18 18:31:13.171258+00	2025-08-18 18:31:13.171258+00	836cbbcf-67b2-4534-97cc-b83e71722ff7	2025-08-22 08:00:00+00	America/Mexico_City
30db4ac4-6156-42ad-824f-1aff9c43c440	9d8d65b4-f1d8-4a35-95bd-0808b2186e7b	2025-08-23	2985.00	39.80	82.92	\N	\N	2025-08-18 18:31:13.171258+00	2025-08-18 18:31:13.171258+00	836cbbcf-67b2-4534-97cc-b83e71722ff7	2025-08-23 08:00:00+00	America/Mexico_City
04a4d972-e5d2-4d47-85c0-ec099d8c5930	dddbc033-e996-474a-9993-294e27d8f0e1	2025-08-23	2985.00	39.80	82.92	\N	\N	2025-08-18 18:31:13.171258+00	2025-08-18 18:31:13.171258+00	836cbbcf-67b2-4534-97cc-b83e71722ff7	2025-08-23 08:00:00+00	America/Mexico_City
44e9a8fc-4aad-448c-97cc-5d33f858f736	48778851-cbb3-4875-bbdb-98b9a93392c2	2025-07-29	80985.00	359.93	102.84	\N	\N	2025-08-18 18:31:13.171258+00	2025-08-18 18:31:13.171258+00	836cbbcf-67b2-4534-97cc-b83e71722ff7	2025-07-29 08:00:00+00	America/Mexico_City
7c3f6e3e-ce86-49c7-83cc-e4e5c6bdfe5e	3d0a6cbb-9bce-4fb8-9e0c-996bfccbefd3	2025-07-29	80985.00	359.93	102.84	\N	\N	2025-08-18 18:31:13.171258+00	2025-08-18 18:31:13.171258+00	836cbbcf-67b2-4534-97cc-b83e71722ff7	2025-07-29 08:00:00+00	America/Mexico_City
f68e30b2-99bb-4fe1-bfcc-a18d550cbc37	379c09f2-2f7a-4d17-93f2-56d7b4d02df8	2025-08-26	31370.00	313.70	69.71	\N	\N	2025-08-18 18:31:13.171258+00	2025-08-18 18:31:13.171258+00	836cbbcf-67b2-4534-97cc-b83e71722ff7	2025-08-26 08:00:00+00	America/Mexico_City
49ca4998-4484-4016-ab66-258a398ede2d	ef27507b-e672-410d-bb3a-0605aa5b2e9d	2025-07-16	46620.00	466.20	133.20	\N	\N	2025-08-19 01:17:15.627954+00	2025-08-19 01:17:15.627954+00	baf175a7-fcf7-4e71-b18f-e952d8802129	2025-07-16 22:32:00+00	America/Mexico_City
90917bf4-279e-40c9-8db2-40520181dc0b	41c0aa2b-2dd2-4895-b302-b55b322e7a67	2025-07-16	30550.00	305.50	87.29	\N	\N	2025-08-19 01:17:15.627954+00	2025-08-19 01:17:15.627954+00	baf175a7-fcf7-4e71-b18f-e952d8802129	2025-07-16 20:00:00+00	America/Mexico_City
11e5b70a-93dc-4ce7-a8f8-558f62598870	97392a48-3a2e-4d4a-99d1-ad1c46efcf64	2025-07-17	43500.00	435.00	124.29	\N	\N	2025-08-19 01:17:15.627954+00	2025-08-19 01:17:15.627954+00	baf175a7-fcf7-4e71-b18f-e952d8802129	2025-07-17 18:00:00+00	America/Mexico_City
92eb0c62-4b0b-47bf-90c0-5da73491ce0e	e421f7cb-02fa-449e-b008-ee6f65483822	2025-07-17	36200.00	362.00	103.43	\N	\N	2025-08-19 01:17:15.627954+00	2025-08-19 01:17:15.627954+00	baf175a7-fcf7-4e71-b18f-e952d8802129	2025-07-17 00:50:00+00	America/Mexico_City
3a916cc9-639a-4c0a-9a47-0ac881c3d21c	7c302583-483c-49e9-abd3-d2a4b273209a	2025-07-17	46210.00	462.10	132.03	\N	\N	2025-08-19 01:17:15.627954+00	2025-08-19 01:17:15.627954+00	baf175a7-fcf7-4e71-b18f-e952d8802129	2025-07-17 22:50:00+00	America/Mexico_City
5eed1d6c-ac60-4621-9dc9-1bc2d0de2dbf	99993de9-9e9d-49f8-9011-5821f5a81368	2025-07-18	30550.00	305.50	87.29	\N	\N	2025-08-19 01:17:15.627954+00	2025-08-19 01:17:15.627954+00	baf175a7-fcf7-4e71-b18f-e952d8802129	2025-07-18 00:00:00+00	America/Mexico_City
7082c2fa-7767-4413-9c5b-d3e11183e684	f311ce15-3cf2-4bf4-a854-cd3b161db859	2025-07-18	50930.00	509.30	145.51	\N	\N	2025-08-19 01:17:15.627954+00	2025-08-19 01:17:15.627954+00	baf175a7-fcf7-4e71-b18f-e952d8802129	2025-07-18 22:00:00+00	America/Mexico_City
edde909f-775b-4fcb-801f-08b6969fecfb	7d9a7fb8-ebc6-4754-8d47-95340954487a	2025-07-18	38810.00	388.10	110.89	\N	\N	2025-08-19 01:17:15.627954+00	2025-08-19 01:17:15.627954+00	baf175a7-fcf7-4e71-b18f-e952d8802129	2025-07-18 20:01:00+00	America/Mexico_City
1647efee-e89c-481c-8135-374418330c8a	675bdb53-0324-44cb-91e1-9fb913d2a1d4	2025-07-19	42730.00	427.30	122.09	\N	\N	2025-08-19 01:17:15.627954+00	2025-08-19 01:17:15.627954+00	baf175a7-fcf7-4e71-b18f-e952d8802129	2025-07-19 18:01:00+00	America/Mexico_City
8e7046ed-c852-401c-affd-4b97ef03b1c5	186c4f42-066c-419f-bfab-745f57dba5cb	2025-07-20	43120.00	431.20	123.20	\N	\N	2025-08-19 01:17:15.627954+00	2025-08-19 01:17:15.627954+00	baf175a7-fcf7-4e71-b18f-e952d8802129	2025-07-20 06:01:00+00	America/Mexico_City
54f05434-6bbb-46bf-b377-d622298ca415	f5ac4617-1eb5-45cb-ab4b-075c3e819a61	2025-07-19	32110.00	321.10	91.74	\N	\N	2025-08-19 01:17:15.627954+00	2025-08-19 01:17:15.627954+00	baf175a7-fcf7-4e71-b18f-e952d8802129	2025-07-19 20:07:00+00	America/Mexico_City
bc9d81a9-c372-4a71-8ad7-eb422a012121	19c05112-213c-4a9d-a9c8-aaf479b7a923	2025-07-20	42070.00	420.70	120.20	\N	\N	2025-08-19 01:17:15.627954+00	2025-08-19 01:17:15.627954+00	baf175a7-fcf7-4e71-b18f-e952d8802129	2025-07-20 18:07:00+00	America/Mexico_City
63bccdaf-75c0-40e7-894c-d5d24978f4a0	83520cf5-0f92-42cf-a701-6c47753c0bde	2025-07-21	44320.00	443.20	126.63	\N	\N	2025-08-19 01:17:15.627954+00	2025-08-19 01:17:15.627954+00	baf175a7-fcf7-4e71-b18f-e952d8802129	2025-07-21 06:07:00+00	America/Mexico_City
dbc3a916-8df6-478a-9456-edb3b23573cf	ce9e0b3a-93fa-411b-a2cb-73a2ce8aff2d	2025-07-20	33570.00	335.70	95.91	\N	\N	2025-08-19 01:17:15.627954+00	2025-08-19 01:17:15.627954+00	baf175a7-fcf7-4e71-b18f-e952d8802129	2025-07-20 00:13:00+00	America/Mexico_City
bbe8b3f1-ffe3-46a5-b18e-f24b6a128d52	e90db931-9e1a-4656-9201-0378e0b6b386	2025-07-20	55780.00	557.80	159.37	\N	\N	2025-08-19 01:17:15.627954+00	2025-08-19 01:17:15.627954+00	baf175a7-fcf7-4e71-b18f-e952d8802129	2025-07-20 22:13:00+00	America/Mexico_City
b925310d-f0cc-489a-8553-de217bea9d5e	a52af63a-9bd3-49c5-a085-4f9ad5d7b305	2025-07-21	61300.00	613.00	175.14	\N	\N	2025-08-19 01:17:15.627954+00	2025-08-19 01:17:15.627954+00	baf175a7-fcf7-4e71-b18f-e952d8802129	2025-07-21 20:13:00+00	America/Mexico_City
d1d6a078-b153-4094-a270-06b1b331f806	b9e5d2e7-dcb2-42a0-a9ed-be15add4c9eb	2025-07-22	37130.00	371.30	106.09	\N	\N	2025-08-19 01:17:15.627954+00	2025-08-19 01:17:15.627954+00	baf175a7-fcf7-4e71-b18f-e952d8802129	2025-07-22 10:00:00+00	America/Mexico_City
eceee6b0-e61e-4d65-abfd-c10d86882eb6	3462bfe6-ca59-4840-980d-1391a3f78a37	2025-07-23	38680.00	386.80	110.51	\N	\N	2025-08-19 01:17:15.627954+00	2025-08-19 01:17:15.627954+00	baf175a7-fcf7-4e71-b18f-e952d8802129	2025-07-23 08:00:00+00	America/Mexico_City
04ec3720-cc2c-4fdb-b46c-5b9aa75cf528	8d717649-8b88-498a-ae20-cb68d812e95e	2025-07-24	42230.00	422.30	120.66	\N	\N	2025-08-19 01:17:15.627954+00	2025-08-19 01:17:15.627954+00	baf175a7-fcf7-4e71-b18f-e952d8802129	2025-07-24 06:00:00+00	America/Mexico_City
8bb2ab83-e114-4316-80bc-62c4bd132130	ee2869ac-4928-454a-bac7-a8cad7195361	2025-07-23	36870.00	368.70	105.34	\N	\N	2025-08-19 01:17:15.627954+00	2025-08-19 01:17:15.627954+00	baf175a7-fcf7-4e71-b18f-e952d8802129	2025-07-23 20:00:00+00	America/Mexico_City
64ef13e5-2f36-4385-a121-ef725c16f6aa	4d639ae6-5bc2-4978-8bac-89a0f59382a3	2025-07-24	41780.00	417.80	119.37	\N	\N	2025-08-19 01:17:15.627954+00	2025-08-19 01:17:15.627954+00	baf175a7-fcf7-4e71-b18f-e952d8802129	2025-07-24 18:00:00+00	America/Mexico_City
232a94a1-0ebc-4aa1-8d00-f0cf0bcbfbc1	bee0cdf3-f4f4-4628-9a6c-121048efa907	2025-07-25	46340.00	463.40	132.40	\N	\N	2025-08-19 01:17:15.627954+00	2025-08-19 01:17:15.627954+00	baf175a7-fcf7-4e71-b18f-e952d8802129	2025-07-25 06:00:00+00	America/Mexico_City
1bb6ae2b-eda5-4f7f-8d44-10b4da49496d	b0c602d4-e3e0-499e-a97f-e8a31b57a459	2025-07-25	31720.00	317.20	90.63	\N	\N	2025-08-19 01:17:15.627954+00	2025-08-19 01:17:15.627954+00	baf175a7-fcf7-4e71-b18f-e952d8802129	2025-07-25 20:11:00+00	America/Mexico_City
c4ba0680-a6b0-4ab5-8862-97304e7e4721	a9c0f043-eb88-4028-a699-03988cc72c2c	2025-07-26	43650.00	436.50	124.71	\N	\N	2025-08-19 01:17:15.627954+00	2025-08-19 01:17:15.627954+00	baf175a7-fcf7-4e71-b18f-e952d8802129	2025-07-26 18:11:00+00	America/Mexico_City
d3a48ba0-db1e-45ee-b4e0-9e27c8f135ed	83a3f777-dac2-4722-917b-5befcc3588df	2025-07-25	33250.00	332.50	95.00	\N	\N	2025-08-19 01:17:15.627954+00	2025-08-19 01:17:15.627954+00	baf175a7-fcf7-4e71-b18f-e952d8802129	2025-07-25 21:57:00+00	America/Mexico_City
431277e7-8d16-41bc-8cfe-6271c25344b5	47c003b6-fae5-4276-b66b-d03188c6ed46	2025-07-26	46560.00	465.60	133.03	\N	\N	2025-08-19 01:17:15.627954+00	2025-08-19 01:17:15.627954+00	baf175a7-fcf7-4e71-b18f-e952d8802129	2025-07-26 19:57:00+00	America/Mexico_City
b6b6560c-416a-4f35-ac02-2b574d62bb0d	83bf124b-92fe-4c86-8913-5df86bc9c4a0	2025-07-26	49560.00	495.60	141.60	\N	\N	2025-08-19 01:17:15.627954+00	2025-08-19 01:17:15.627954+00	baf175a7-fcf7-4e71-b18f-e952d8802129	2025-07-26 20:00:00+00	America/Mexico_City
5cdcc7cb-499f-4926-a47a-7a5d7343968d	ffa38e4b-9363-401e-93da-bc6a32797d23	2025-07-27	62480.00	624.80	178.51	\N	\N	2025-08-19 01:17:15.627954+00	2025-08-19 01:17:15.627954+00	baf175a7-fcf7-4e71-b18f-e952d8802129	2025-07-27 18:00:00+00	America/Mexico_City
260ecb9e-c241-4006-862b-2766c39843b7	ee8e363c-d525-4090-92a7-e925ff82a1e5	2025-07-26	35430.00	354.30	101.23	\N	\N	2025-08-19 01:17:15.627954+00	2025-08-19 01:17:15.627954+00	baf175a7-fcf7-4e71-b18f-e952d8802129	2025-07-26 22:11:00+00	America/Mexico_City
40921be2-df8d-4c58-9eff-7c85dd22c905	5983103b-72b1-46b9-9084-527bf0d8c1a4	2025-07-27	46580.00	465.80	133.09	\N	\N	2025-08-19 01:17:15.627954+00	2025-08-19 01:17:15.627954+00	baf175a7-fcf7-4e71-b18f-e952d8802129	2025-07-27 20:11:00+00	America/Mexico_City
496c2046-7aab-4c5f-a4b2-bec68672d143	28f86f92-b4a2-4677-9d62-b2ecb0224d3b	2025-07-29	31720.00	317.20	90.63	\N	\N	2025-08-19 01:17:15.627954+00	2025-08-19 01:17:15.627954+00	baf175a7-fcf7-4e71-b18f-e952d8802129	2025-07-29 20:08:00+00	America/Mexico_City
e04c2359-3483-496e-b489-d795bf9fb74d	e8100dd5-c5f8-49da-94e7-669d9f249505	2025-07-30	38210.00	382.10	109.17	\N	\N	2025-08-19 01:17:15.627954+00	2025-08-19 01:17:15.627954+00	baf175a7-fcf7-4e71-b18f-e952d8802129	2025-07-30 18:08:00+00	America/Mexico_City
931b0975-a966-4110-8148-2e51ffad4844	0c3cfcfe-0359-47b9-8826-078f486a1123	2025-08-10	69990.00	699.90	127.25	\N	\N	2025-08-18 18:30:37.368801+00	2025-08-18 18:30:37.368801+00	836cbbcf-67b2-4534-97cc-b83e71722ff7	2025-08-10 08:00:00+00	America/Mexico_City
be4da22e-dc44-4755-9f2e-60f578f0f3a7	74b29ec1-6400-4f59-a131-a5761a4fccf4	2025-08-12	119943.00	533.08	118.46	\N	\N	2025-08-18 18:30:37.368801+00	2025-08-18 18:30:37.368801+00	836cbbcf-67b2-4534-97cc-b83e71722ff7	2025-08-12 08:00:00+00	America/Mexico_City
91b7a9d5-9aa9-48cb-923f-ac598259bd46	805292ac-00a4-46f9-a6a7-d032724014a3	2025-08-12	45424.00	454.24	129.78	\N	\N	2025-08-18 18:30:37.368801+00	2025-08-18 18:30:37.368801+00	836cbbcf-67b2-4534-97cc-b83e71722ff7	2025-08-12 08:00:00+00	America/Mexico_City
061f4aac-7b7e-47dc-8bc6-cfafc02d39a3	79112007-60ba-4a93-95fd-0a1af2362f4f	2025-08-14	29940.00	299.40	66.53	\N	\N	2025-08-18 18:30:37.368801+00	2025-08-18 18:30:37.368801+00	836cbbcf-67b2-4534-97cc-b83e71722ff7	2025-08-14 08:00:00+00	America/Mexico_City
41879c41-aaf4-4bfb-88fb-651b322ab846	47e1722e-0cda-424a-aacf-00645a4ce172	2025-08-14	48628.00	486.28	108.06	\N	\N	2025-08-18 18:30:37.368801+00	2025-08-18 18:30:37.368801+00	836cbbcf-67b2-4534-97cc-b83e71722ff7	2025-08-14 08:00:00+00	America/Mexico_City
3ca018e2-5989-483f-bda0-f768c52a8347	2a8049bd-2551-41b0-9d74-136c1da9fc85	2025-08-20	33516.00	335.16	74.48	\N	\N	2025-08-18 18:31:13.171258+00	2025-08-18 18:31:13.171258+00	836cbbcf-67b2-4534-97cc-b83e71722ff7	2025-08-20 08:00:00+00	America/Mexico_City
c5b2362c-efa6-4d58-83ff-7e8398b42853	74914674-24e0-4a5e-9016-373b020ff925	2025-08-20	33516.00	335.16	74.48	\N	\N	2025-08-18 18:31:13.171258+00	2025-08-18 18:31:13.171258+00	836cbbcf-67b2-4534-97cc-b83e71722ff7	2025-08-20 08:00:00+00	America/Mexico_City
2c12fbb0-8aa4-4cb9-885b-ca60d9979937	ecac4c1a-92ee-4f61-818d-e82a1b8deefe	2025-08-20	33516.00	335.16	74.48	\N	\N	2025-08-18 18:31:13.171258+00	2025-08-18 18:31:13.171258+00	836cbbcf-67b2-4534-97cc-b83e71722ff7	2025-08-20 08:00:00+00	America/Mexico_City
dd9a201d-29a8-46f8-b5c6-c707f4967ec4	d7193bde-b44c-4169-a4d1-7d35c158e605	2025-08-20	33516.00	335.16	74.48	\N	\N	2025-08-18 18:31:13.171258+00	2025-08-18 18:31:13.171258+00	836cbbcf-67b2-4534-97cc-b83e71722ff7	2025-08-20 08:00:00+00	America/Mexico_City
9afded4b-b08f-4f47-9e57-6c0975166031	19ac0d43-6932-4860-8d1b-247d3866ab04	2025-08-20	38871.00	388.71	86.38	\N	\N	2025-08-18 18:31:13.171258+00	2025-08-18 18:31:13.171258+00	836cbbcf-67b2-4534-97cc-b83e71722ff7	2025-08-20 08:00:00+00	America/Mexico_City
5a284f41-c958-4bc6-b335-e97b7314f43a	d7f00851-d1dc-4637-bce4-6f4c4cc4fa2a	2025-08-20	38871.00	388.71	86.38	\N	\N	2025-08-18 18:31:13.171258+00	2025-08-18 18:31:13.171258+00	836cbbcf-67b2-4534-97cc-b83e71722ff7	2025-08-20 08:00:00+00	America/Mexico_City
a701e330-faeb-40f3-91f9-e1912ed9617c	b53abbb6-1e0a-441a-a0c1-67e7751242e2	2025-08-20	45776.00	457.76	130.79	\N	\N	2025-08-18 18:31:13.171258+00	2025-08-18 18:31:13.171258+00	836cbbcf-67b2-4534-97cc-b83e71722ff7	2025-08-20 08:00:00+00	America/Mexico_City
9d73e860-61a5-428c-bd22-767f0cea1a81	e327177e-fda9-48aa-8684-be0f5c26098e	2025-08-20	45776.00	457.76	130.79	\N	\N	2025-08-18 18:31:13.171258+00	2025-08-18 18:31:13.171258+00	836cbbcf-67b2-4534-97cc-b83e71722ff7	2025-08-20 08:00:00+00	America/Mexico_City
957c290a-847d-4c41-8aba-b53b189a037c	6bbeab55-1c0c-405a-af8c-2e394bd63986	2025-08-20	45776.00	457.76	130.79	\N	\N	2025-08-18 18:31:13.171258+00	2025-08-18 18:31:13.171258+00	836cbbcf-67b2-4534-97cc-b83e71722ff7	2025-08-20 08:00:00+00	America/Mexico_City
f3eb373e-6f72-4ff2-a550-70c696d8caa8	2e0a1db7-8165-4971-8360-ccc1ba8618f0	2025-08-20	45776.00	457.76	130.79	\N	\N	2025-08-18 18:31:13.171258+00	2025-08-18 18:31:13.171258+00	836cbbcf-67b2-4534-97cc-b83e71722ff7	2025-08-20 08:00:00+00	America/Mexico_City
b391df1b-88be-4e08-a8b6-65165c3b95a8	dd7318c8-ca99-4b30-b182-8a0eaf417895	2025-08-20	50273.00	502.73	143.64	\N	\N	2025-08-18 18:31:13.171258+00	2025-08-18 18:31:13.171258+00	836cbbcf-67b2-4534-97cc-b83e71722ff7	2025-08-20 08:00:00+00	America/Mexico_City
8d632b7f-332d-4e54-9aca-1d214556ff78	56d5a320-3417-4d21-9932-9297c3b151e2	2025-08-20	50273.00	502.73	143.64	\N	\N	2025-08-18 18:31:13.171258+00	2025-08-18 18:31:13.171258+00	836cbbcf-67b2-4534-97cc-b83e71722ff7	2025-08-20 08:00:00+00	America/Mexico_City
ef59e24e-466f-4d12-a5ec-c1e0678d5bef	6683d447-6a01-4d30-ba6a-a2e1dac515cc	2025-08-20	74928.00	333.01	95.15	\N	\N	2025-08-18 18:31:13.171258+00	2025-08-18 18:31:13.171258+00	836cbbcf-67b2-4534-97cc-b83e71722ff7	2025-08-20 08:00:00+00	America/Mexico_City
ff5702ee-e231-41ae-bc76-e0f0ca01750f	fa9dc00e-912a-40b2-b423-a32c52a62e3d	2025-07-19	60590.00	605.90	110.16	\N	\N	2025-08-19 01:17:15.627954+00	2025-08-20 05:21:01.043392+00	baf175a7-fcf7-4e71-b18f-e952d8802129	2025-07-19 20:55:00+00	America/Mexico_City
926c4ed0-081d-4559-a804-6c7c13434645	ac541bcb-c30c-4cb0-a77d-d691aa43de56	2025-07-19	49580.00	495.80	90.15	\N	\N	2025-08-19 01:17:15.627954+00	2025-08-20 05:21:01.043392+00	baf175a7-fcf7-4e71-b18f-e952d8802129	2025-07-19 04:00:00+00	America/Mexico_City
c4c68792-e1c5-491a-9ebb-97aab81492a0	c72b5f01-3ff7-4f92-a0f6-3fa951dab22d	2025-07-18	50370.00	503.70	91.58	\N	\N	2025-08-19 01:17:15.627954+00	2025-08-20 05:21:01.043392+00	baf175a7-fcf7-4e71-b18f-e952d8802129	2025-07-18 19:03:00+00	America/Mexico_City
b84576dd-bceb-4a26-a281-a818c30dc681	a23390f6-ae1b-470c-9174-2504d7b2bc6c	2025-07-19	60400.00	604.00	109.82	\N	\N	2025-08-19 01:17:15.627954+00	2025-08-20 05:21:01.043392+00	baf175a7-fcf7-4e71-b18f-e952d8802129	2025-07-19 17:03:00+00	America/Mexico_City
fe23da4f-0c82-4c81-b861-6ed6c076f247	5b837c61-4de0-4e36-bf4e-edfd3e05343e	2025-07-18	49910.00	499.10	90.75	\N	\N	2025-08-19 01:17:15.627954+00	2025-08-20 05:21:01.043392+00	baf175a7-fcf7-4e71-b18f-e952d8802129	2025-07-18 22:00:00+00	America/Mexico_City
b21d6777-2540-45d2-a676-87432d790485	23c5af31-d9a8-4791-8d7a-883d24adc2f5	2025-07-19	61520.00	615.20	111.85	\N	\N	2025-08-19 01:17:15.627954+00	2025-08-20 05:21:01.043392+00	baf175a7-fcf7-4e71-b18f-e952d8802129	2025-07-19 20:00:00+00	America/Mexico_City
5a872339-ef29-46a6-82c5-e13710d0a159	406838a8-c84a-49f2-88a6-974284074a26	2025-07-18	48980.00	489.80	89.05	\N	\N	2025-08-19 01:17:15.627954+00	2025-08-20 05:21:01.043392+00	baf175a7-fcf7-4e71-b18f-e952d8802129	2025-07-18 22:55:00+00	America/Mexico_City
42437d0d-fdb4-40a7-9181-d81addd7d344	2c97a655-4f7f-47d0-8131-da1ba01f1518	2025-07-20	61350.00	613.50	111.55	\N	\N	2025-08-19 01:17:15.627954+00	2025-08-20 05:21:01.043392+00	baf175a7-fcf7-4e71-b18f-e952d8802129	2025-07-20 02:00:00+00	America/Mexico_City
2ae67423-15f8-477d-89ea-3c13b2b7f9ec	0b7cdeb2-1399-448c-9cce-80a519ec6e2a	2025-07-19	49380.00	493.80	89.78	\N	\N	2025-08-19 01:17:15.627954+00	2025-08-20 05:21:01.043392+00	baf175a7-fcf7-4e71-b18f-e952d8802129	2025-07-19 18:34:00+00	America/Mexico_City
aba8f5b2-bb1a-499a-bf5d-8693c825caf0	8766a389-439c-4333-a670-ad045a7ad896	2025-07-20	61970.00	619.70	112.67	\N	\N	2025-08-19 01:17:15.627954+00	2025-08-20 05:21:01.043392+00	baf175a7-fcf7-4e71-b18f-e952d8802129	2025-07-20 16:34:00+00	America/Mexico_City
c629a2a4-083a-4bef-b07f-1383b8a41ee1	4a29456e-7690-448d-87eb-f6c7405cd824	2025-07-20	50670.00	506.70	92.13	\N	\N	2025-08-19 01:17:15.627954+00	2025-08-20 05:21:01.043392+00	baf175a7-fcf7-4e71-b18f-e952d8802129	2025-07-20 16:49:00+00	America/Mexico_City
525a4769-9c16-459f-8d63-01c8a630dccf	620624f6-3cb1-4ee7-bfbf-98fba08ccebf	2025-07-21	61270.00	612.70	111.40	\N	\N	2025-08-19 01:17:15.627954+00	2025-08-20 05:21:01.043392+00	baf175a7-fcf7-4e71-b18f-e952d8802129	2025-07-21 14:49:00+00	America/Mexico_City
7ee6c4a9-d98f-48d8-8c52-f026b898589c	b7eebc3d-c75f-4544-8516-b35add80ca2d	2025-07-20	47090.00	470.90	85.62	\N	\N	2025-08-19 01:17:15.627954+00	2025-08-20 05:21:01.043392+00	baf175a7-fcf7-4e71-b18f-e952d8802129	2025-07-20 18:31:00+00	America/Mexico_City
de3e6bfe-a9e1-455c-a290-fa61e5cccbdf	549c30d4-b53b-49dc-9462-238db66b487f	2025-07-21	60590.00	605.90	110.16	\N	\N	2025-08-19 01:17:15.627954+00	2025-08-20 05:21:01.043392+00	baf175a7-fcf7-4e71-b18f-e952d8802129	2025-07-21 16:31:00+00	America/Mexico_City
382e026f-9d39-45be-a90a-1c43aa16c42b	b00969b5-c614-4543-bfcb-acec9fac841c	2025-07-20	48320.00	483.20	87.85	\N	\N	2025-08-19 01:17:15.627954+00	2025-08-20 05:21:01.043392+00	baf175a7-fcf7-4e71-b18f-e952d8802129	2025-07-20 20:38:00+00	America/Mexico_City
9e48f7dc-7bf2-4890-95bc-335e431b4182	6d25cbf0-fec4-42f1-9511-3fb70a734b26	2025-07-21	60620.00	606.20	110.22	\N	\N	2025-08-19 01:17:15.627954+00	2025-08-20 05:21:01.043392+00	baf175a7-fcf7-4e71-b18f-e952d8802129	2025-07-21 18:38:00+00	America/Mexico_City
857d0205-bf4b-41cd-b2eb-cf6b40002251	38cd73f0-e439-421f-867e-db4ff462649a	2025-07-22	50420.00	504.20	91.67	\N	\N	2025-08-19 01:17:15.627954+00	2025-08-20 05:21:01.043392+00	baf175a7-fcf7-4e71-b18f-e952d8802129	2025-07-22 18:25:00+00	America/Mexico_City
67b67bb9-65dc-45ac-a637-13faec5917f2	675d8f36-e2d4-475a-8774-4c927c338cda	2025-07-22	49880.00	498.80	90.69	\N	\N	2025-08-19 01:17:15.627954+00	2025-08-20 05:21:01.043392+00	baf175a7-fcf7-4e71-b18f-e952d8802129	2025-07-22 21:27:00+00	America/Mexico_City
a60d474e-7568-44bd-bed6-db0aa2e504f5	707d468b-dbbc-4698-8f54-68010abbfc5c	2025-07-22	49590.00	495.90	90.16	\N	\N	2025-08-19 01:17:15.627954+00	2025-08-20 05:21:01.043392+00	baf175a7-fcf7-4e71-b18f-e952d8802129	2025-07-22 23:57:00+00	America/Mexico_City
b1bc6a0c-0b30-4cef-ac01-8b6c3db59759	ea8d30d4-db7a-413d-a5e3-288c1ce68b51	2025-07-23	50460.00	504.60	91.75	\N	\N	2025-08-19 01:17:15.627954+00	2025-08-20 05:21:01.043392+00	baf175a7-fcf7-4e71-b18f-e952d8802129	2025-07-23 17:04:00+00	America/Mexico_City
905b86f7-111e-465e-a534-f34aafb3fc34	db28e4b3-4695-4ab7-9f5b-f9b87f3159fe	2025-07-24	60820.00	608.20	110.58	\N	\N	2025-08-19 01:17:15.627954+00	2025-08-20 05:21:01.043392+00	baf175a7-fcf7-4e71-b18f-e952d8802129	2025-07-24 15:04:00+00	America/Mexico_City
d3d1d149-2849-4867-94a9-e590f7e4360f	6cd4d29b-7d18-4efd-8e37-9da1357961ae	2025-07-23	49550.00	495.50	90.09	\N	\N	2025-08-19 01:17:15.627954+00	2025-08-20 05:21:01.043392+00	baf175a7-fcf7-4e71-b18f-e952d8802129	2025-07-23 20:53:00+00	America/Mexico_City
16783815-ea45-45ad-b530-b43212d5ae96	21a2ec15-4213-4685-8d23-d4ca7a852f8a	2025-07-24	61560.00	615.60	111.93	\N	\N	2025-08-19 01:17:15.627954+00	2025-08-20 05:21:01.043392+00	baf175a7-fcf7-4e71-b18f-e952d8802129	2025-07-24 18:53:00+00	America/Mexico_City
f9e54d92-c311-48fe-99ed-4c4a54a8da41	88bc9e72-ae9e-46ea-ad4e-c25c56c55b54	2025-07-23	49670.00	496.70	90.31	\N	\N	2025-08-19 01:17:15.627954+00	2025-08-20 05:21:01.043392+00	baf175a7-fcf7-4e71-b18f-e952d8802129	2025-07-23 22:10:00+00	America/Mexico_City
05728bc8-6d9b-45a1-98ff-4915676853f9	d38bda31-c315-4a72-bdfd-1a1c75b5e622	2025-07-24	59550.00	595.50	108.27	\N	\N	2025-08-19 01:17:15.627954+00	2025-08-20 05:21:01.043392+00	baf175a7-fcf7-4e71-b18f-e952d8802129	2025-07-24 20:10:00+00	America/Mexico_City
abd17913-d848-4cf7-b2b5-32bf0d1bf078	851361e8-06e7-4738-ad32-e2f6d23c51e9	2025-07-24	50170.00	501.70	91.22	\N	\N	2025-08-19 01:17:15.627954+00	2025-08-20 05:21:01.043392+00	baf175a7-fcf7-4e71-b18f-e952d8802129	2025-07-24 01:11:00+00	America/Mexico_City
74464606-a095-4696-a696-766a71e2ec44	61b1b4ba-6a69-4d8f-a908-3c8c1cb72752	2025-07-24	62090.00	620.90	112.89	\N	\N	2025-08-19 01:17:15.627954+00	2025-08-20 05:21:01.043392+00	baf175a7-fcf7-4e71-b18f-e952d8802129	2025-07-24 23:11:00+00	America/Mexico_City
f17eedaa-886b-4596-a0bd-276734390d48	7b3f612c-fcde-4595-ba68-fdec5cc3655b	2025-07-24	53470.00	534.70	97.22	\N	\N	2025-08-19 01:17:15.627954+00	2025-08-20 05:21:01.043392+00	baf175a7-fcf7-4e71-b18f-e952d8802129	2025-07-24 18:32:00+00	America/Mexico_City
6c5cde8f-2375-45a9-8196-24a63ab5fca0	b8a47f3a-b381-4459-9b42-58d7f896d928	2025-07-25	61870.00	618.70	112.49	\N	\N	2025-08-19 01:17:15.627954+00	2025-08-20 05:21:01.043392+00	baf175a7-fcf7-4e71-b18f-e952d8802129	2025-07-25 16:32:00+00	America/Mexico_City
b6b44f23-8460-41f5-b776-9f2a44787697	38a73eaa-ac88-420d-bd41-e99347ca2af4	2025-07-24	52740.00	527.40	95.89	\N	\N	2025-08-19 01:17:15.627954+00	2025-08-20 05:21:01.043392+00	baf175a7-fcf7-4e71-b18f-e952d8802129	2025-07-24 21:41:00+00	America/Mexico_City
36f72db0-9115-492d-a12c-6073dc40a91f	b7ea5e18-0146-41bd-a138-42594261766f	2025-07-25	63370.00	633.70	115.22	\N	\N	2025-08-19 01:17:15.627954+00	2025-08-20 05:21:01.043392+00	baf175a7-fcf7-4e71-b18f-e952d8802129	2025-07-25 19:41:00+00	America/Mexico_City
3758381b-232b-4a06-8370-2d0d3303e9fb	929a0e69-ba9d-415d-b1ea-9ec5aff805c7	2025-07-24	44900.00	449.00	81.64	\N	\N	2025-08-19 01:17:15.627954+00	2025-08-20 05:21:01.043392+00	baf175a7-fcf7-4e71-b18f-e952d8802129	2025-07-24 23:57:00+00	America/Mexico_City
21e7f499-2e67-4120-8bbb-b5df4046bfcd	fadcea62-16bc-4540-8956-cd27d0d95860	2025-07-25	61350.00	613.50	111.55	\N	\N	2025-08-19 01:17:15.627954+00	2025-08-20 05:21:01.043392+00	baf175a7-fcf7-4e71-b18f-e952d8802129	2025-07-25 21:57:00+00	America/Mexico_City
adc2d870-59ae-4e57-835d-0daf2d87a21f	5c5e9d68-a000-4863-b054-1d2c4b93ecdc	2025-07-25	49830.00	498.30	90.60	\N	\N	2025-08-19 01:17:15.627954+00	2025-08-20 05:21:01.043392+00	baf175a7-fcf7-4e71-b18f-e952d8802129	2025-07-25 17:09:00+00	America/Mexico_City
729ec2f0-c2db-43e3-bf6c-c64810bca90d	7fc62740-4305-4d15-be87-ccb11f25ba97	2025-07-26	61840.00	618.40	112.44	\N	\N	2025-08-19 01:17:15.627954+00	2025-08-20 05:21:01.043392+00	baf175a7-fcf7-4e71-b18f-e952d8802129	2025-07-26 15:09:00+00	America/Mexico_City
70bbfe1f-4d66-426c-b9a2-81025aa092de	327cd9ba-007b-4dd4-befb-37adb50a2f59	2025-07-25	50230.00	502.30	91.33	\N	\N	2025-08-19 01:17:15.627954+00	2025-08-20 05:21:01.043392+00	baf175a7-fcf7-4e71-b18f-e952d8802129	2025-07-25 20:50:00+00	America/Mexico_City
650776f3-6805-440d-952a-7072e221b240	87eaf815-7f69-4fff-934d-0332e1cf913c	2025-07-26	65480.00	654.80	119.05	\N	\N	2025-08-19 01:17:15.627954+00	2025-08-20 05:21:01.043392+00	baf175a7-fcf7-4e71-b18f-e952d8802129	2025-07-26 18:50:00+00	America/Mexico_City
fa562ab0-a214-4581-a515-3273fc2b6501	e635cb03-5816-4d90-b677-9eb73a8fb896	2025-07-26	49340.00	493.40	89.71	\N	\N	2025-08-19 01:17:15.627954+00	2025-08-20 05:21:01.043392+00	baf175a7-fcf7-4e71-b18f-e952d8802129	2025-07-26 03:50:00+00	America/Mexico_City
34ab4b8c-78bd-4add-8685-a51e90050d35	8dd87756-37ec-432d-ac15-ad3c0be5098a	2025-07-27	61350.00	613.50	111.55	\N	\N	2025-08-19 01:17:15.627954+00	2025-08-20 05:21:01.043392+00	baf175a7-fcf7-4e71-b18f-e952d8802129	2025-07-27 01:50:00+00	America/Mexico_City
5451afe6-96f8-4003-b6c1-b15921abb223	5e9bdb0c-d601-4294-877d-b9f191a778e6	2025-07-27	66840.00	668.40	121.53	\N	\N	2025-08-19 01:17:15.627954+00	2025-08-20 05:21:01.043392+00	baf175a7-fcf7-4e71-b18f-e952d8802129	2025-07-27 23:50:00+00	America/Mexico_City
08dd74fc-7836-49c2-8067-7398cfd81962	7d1d7ee5-f4e1-4876-a603-75e1c27e7823	2025-07-26	50240.00	502.40	91.35	\N	\N	2025-08-19 01:17:15.627954+00	2025-08-20 05:21:01.043392+00	baf175a7-fcf7-4e71-b18f-e952d8802129	2025-07-26 18:39:00+00	America/Mexico_City
6e74616c-6b65-4fa4-8fcc-836be80a748c	3b5bd0c0-33fe-4580-9ce0-b86fdb9712a7	2025-07-27	62230.00	622.30	113.15	\N	\N	2025-08-19 01:17:15.627954+00	2025-08-20 05:21:01.043392+00	baf175a7-fcf7-4e71-b18f-e952d8802129	2025-07-27 16:39:00+00	America/Mexico_City
c1a5ca21-e033-444e-bb4a-82fc1ff246b7	6a8b60b8-73f5-4ddc-add2-db8447bd5580	2025-07-27	60820.00	608.20	110.58	\N	\N	2025-08-19 01:17:15.627954+00	2025-08-20 05:21:01.043392+00	baf175a7-fcf7-4e71-b18f-e952d8802129	2025-07-27 16:45:00+00	America/Mexico_City
64aa3d6a-4ee5-4234-aa73-c640e51d0556	e2735d85-dcc2-4cc1-aaae-00a8c29df4f1	2025-07-28	61830.00	618.30	112.42	\N	\N	2025-08-19 01:17:15.627954+00	2025-08-20 05:21:01.043392+00	baf175a7-fcf7-4e71-b18f-e952d8802129	2025-07-28 14:45:00+00	America/Mexico_City
f69af37b-797b-4e38-a232-f53b938f8d76	d94574b0-ab9e-449e-a64a-a6aba5de0b72	2025-07-27	63490.00	634.90	115.44	\N	\N	2025-08-19 01:17:15.627954+00	2025-08-20 05:21:01.043392+00	baf175a7-fcf7-4e71-b18f-e952d8802129	2025-07-27 20:34:00+00	America/Mexico_City
80bd4c81-e048-4f09-bd46-d6b389ef1bd5	bd2c677e-cbd5-4d83-86fa-a1148f7def1f	2025-07-28	66580.00	665.80	121.05	\N	\N	2025-08-19 01:17:15.627954+00	2025-08-20 05:21:01.043392+00	baf175a7-fcf7-4e71-b18f-e952d8802129	2025-07-28 18:34:00+00	America/Mexico_City
9535dbbc-9365-4fe9-a073-16b2c0e97194	fb59abb1-4b09-4dfa-a578-a84d9dedf321	2025-07-28	62350.00	623.50	113.36	\N	\N	2025-08-19 01:17:15.627954+00	2025-08-20 05:21:01.043392+00	baf175a7-fcf7-4e71-b18f-e952d8802129	2025-07-28 19:29:00+00	America/Mexico_City
f5901388-998a-427a-a4e5-c7ef2a973dba	0bb07c71-d6fb-4acb-82d1-1fe4b689ffbd	2025-07-28	61560.00	615.60	111.93	\N	\N	2025-08-19 01:17:15.627954+00	2025-08-20 05:21:01.043392+00	baf175a7-fcf7-4e71-b18f-e952d8802129	2025-07-28 20:29:00+00	America/Mexico_City
a8e83a50-659a-4f53-9bae-a7b11fb7c7b9	4cf1eb14-7a19-4449-b386-9b005df6ca5a	2025-07-27	63540.00	635.40	115.53	\N	\N	2025-08-19 01:17:15.627954+00	2025-08-20 05:21:01.043392+00	baf175a7-fcf7-4e71-b18f-e952d8802129	2025-07-27 23:18:00+00	America/Mexico_City
e85cafb7-86d9-4236-827b-486736f3f4b4	0846b8c1-2493-4f56-a4e1-bcc2b101e4f4	2025-07-28	64370.00	643.70	117.04	\N	\N	2025-08-19 01:17:15.627954+00	2025-08-20 05:21:01.043392+00	baf175a7-fcf7-4e71-b18f-e952d8802129	2025-07-28 21:18:00+00	America/Mexico_City
9f3d2bf9-4064-4968-a0bc-ee810a33bf96	cdb46344-c226-4c00-bb3d-7eaa7861f404	2025-07-30	49310.00	493.10	89.65	\N	\N	2025-08-19 01:17:15.627954+00	2025-08-20 05:21:01.043392+00	baf175a7-fcf7-4e71-b18f-e952d8802129	2025-07-30 00:38:00+00	America/Mexico_City
506f0603-65ed-469e-8a08-da8cd59ecddc	4c09bb4e-19ce-45f7-b5ad-c90c309b09d4	2025-07-30	60440.00	604.40	109.89	\N	\N	2025-08-19 01:17:15.627954+00	2025-08-20 05:21:01.043392+00	baf175a7-fcf7-4e71-b18f-e952d8802129	2025-07-30 22:38:00+00	America/Mexico_City
86195882-176d-419f-bde7-19f8f20aeb14	e1802c37-ea3f-4264-b1d7-78b73fab6b60	2025-07-09	57850.00	578.50	105.18	\N	\N	2025-08-19 01:17:15.627954+00	2025-08-20 05:21:01.043392+00	baf175a7-fcf7-4e71-b18f-e952d8802129	2025-07-09 18:00:00+00	America/Mexico_City
b38f727b-ea7e-48aa-a9bf-94c3c2d9eb00	2272fdae-2b27-4ea8-b104-140bcb9339f5	2025-07-15	51480.00	514.80	93.60	\N	\N	2025-08-19 01:17:15.627954+00	2025-08-20 05:21:01.043392+00	baf175a7-fcf7-4e71-b18f-e952d8802129	2025-07-15 18:00:00+00	America/Mexico_City
0f344335-7d91-4cd3-95fa-cb9b14521f49	3d6d2486-c350-4b16-bbac-bf2aced9900d	2025-07-15	53070.00	530.70	96.49	\N	\N	2025-08-19 01:17:15.627954+00	2025-08-20 05:21:01.043392+00	baf175a7-fcf7-4e71-b18f-e952d8802129	2025-07-15 21:28:00+00	America/Mexico_City
4a522454-8cf8-479d-93f3-07f18f372220	0fe10d70-165d-4e91-8702-00be55df2999	2025-07-27	61480.00	614.80	111.78	\N	\N	2025-08-19 01:17:15.627954+00	2025-08-20 05:21:01.043392+00	baf175a7-fcf7-4e71-b18f-e952d8802129	2025-07-27 21:29:00+00	America/Mexico_City
c2dc6aa5-2da7-4a4f-8169-3cc4ff342df0	f8be1bb2-b27b-4593-9bc2-6754afbdb35e	2025-07-27	60380.00	603.80	109.78	\N	\N	2025-08-19 01:17:15.627954+00	2025-08-20 05:21:01.043392+00	baf175a7-fcf7-4e71-b18f-e952d8802129	2025-07-27 22:29:00+00	America/Mexico_City
60672777-777d-44ed-8cd6-b78bf9712db3	a1addc5d-c1f2-45a3-976d-f1af149fd347	2025-07-17	66190.00	661.90	120.35	\N	\N	2025-08-19 01:17:15.627954+00	2025-08-20 05:21:01.043392+00	baf175a7-fcf7-4e71-b18f-e952d8802129	2025-07-17 19:35:00+00	America/Mexico_City
35ca5bd0-fc62-4327-8473-48a0fba9ce11	9be707c5-45d6-4bb2-80c4-fdfde2ba3a7a	2025-07-17	63560.00	635.60	115.56	\N	\N	2025-08-19 01:17:15.627954+00	2025-08-20 05:21:01.043392+00	baf175a7-fcf7-4e71-b18f-e952d8802129	2025-07-17 20:50:00+00	America/Mexico_City
f8c9bfd2-5d1b-4ba1-ab70-8e6a315dfbc9	666f424c-46ef-4230-8809-08410f6df045	2025-07-17	62480.00	624.80	113.60	\N	\N	2025-08-19 01:17:15.627954+00	2025-08-20 05:21:01.043392+00	baf175a7-fcf7-4e71-b18f-e952d8802129	2025-07-17 22:00:00+00	America/Mexico_City
314af2eb-89b8-4b70-9d41-0b31bf34c9dc	196d1335-11f7-4e98-92b5-2ba250d1551b	2025-07-18	60820.00	608.20	110.58	\N	\N	2025-08-19 01:17:15.627954+00	2025-08-20 05:21:01.043392+00	baf175a7-fcf7-4e71-b18f-e952d8802129	2025-07-18 16:34:00+00	America/Mexico_City
f913b3cd-5f53-4984-92f1-bfe3990ff906	22bf2cf7-a0a0-470d-8f37-06301909d6c4	2025-07-23	61300.00	613.00	111.45	\N	\N	2025-08-19 01:17:15.627954+00	2025-08-20 05:21:01.043392+00	baf175a7-fcf7-4e71-b18f-e952d8802129	2025-07-23 16:25:00+00	America/Mexico_City
6fbacec1-240d-4601-8fb1-2e8ec2b70adb	8ecc04a8-ecbb-436f-a902-1f43f2310ede	2025-07-23	62450.00	624.50	113.55	\N	\N	2025-08-19 01:17:15.627954+00	2025-08-20 05:21:01.043392+00	baf175a7-fcf7-4e71-b18f-e952d8802129	2025-07-23 19:27:00+00	America/Mexico_City
91478d91-9ad2-460e-8d41-0f600a85cccc	687cb602-0a0a-45a8-a0e0-9473594f7b01	2025-07-23	61580.00	615.80	111.96	\N	\N	2025-08-19 01:17:15.627954+00	2025-08-20 05:21:01.043392+00	baf175a7-fcf7-4e71-b18f-e952d8802129	2025-07-23 21:57:00+00	America/Mexico_City
52e6a7a2-206d-4ec8-8bb2-a6dc466f2a59	c75e166f-88c5-4d94-8b58-b8e4697c1c29	2025-07-19	65320.00	653.20	118.76	\N	\N	2025-08-19 01:17:15.627954+00	2025-08-20 05:21:01.043392+00	baf175a7-fcf7-4e71-b18f-e952d8802129	2025-07-19 14:34:00+00	America/Mexico_City
14fd45e5-cc60-4d6f-875f-64f4ede21f17	2142511c-a5e0-45a2-81c7-1e45d9db5a9c	2025-07-21	67890.00	678.90	123.44	\N	\N	2025-08-19 01:17:15.627954+00	2025-08-20 05:21:01.043392+00	baf175a7-fcf7-4e71-b18f-e952d8802129	2025-07-21 14:34:00+00	America/Mexico_City
30bbb0a5-a2c9-4195-9a64-1f58a8f50b7a	eb30bd6f-20b0-4669-a052-6250304605f6	2025-07-22	65500.00	655.00	119.09	\N	\N	2025-08-19 01:17:15.627954+00	2025-08-20 05:21:01.043392+00	baf175a7-fcf7-4e71-b18f-e952d8802129	2025-07-22 12:49:00+00	America/Mexico_City
8a252c84-a535-459b-9352-271872e98adc	206045e3-5ca7-4099-9b5c-37989d8865f5	2025-07-22	67800.00	678.00	123.27	\N	\N	2025-08-19 01:17:15.627954+00	2025-08-20 05:21:01.043392+00	baf175a7-fcf7-4e71-b18f-e952d8802129	2025-07-22 14:31:00+00	America/Mexico_City
a3215533-25d7-425f-a617-8412490c45bd	6f74fa76-69fc-4d41-9b15-c5f979844f9c	2025-07-09	52300.00	523.00	95.09	\N	\N	2025-08-19 01:17:15.627954+00	2025-08-20 05:21:01.043392+00	baf175a7-fcf7-4e71-b18f-e952d8802129	2025-07-09 23:05:00+00	America/Mexico_City
a594f034-8824-4183-8861-ac61134c104c	fdf56115-f5fe-4d8c-9179-efd5815557bc	2025-07-10	53200.00	532.00	96.73	\N	\N	2025-08-19 01:17:15.627954+00	2025-08-20 05:21:01.043392+00	baf175a7-fcf7-4e71-b18f-e952d8802129	2025-07-10 02:00:00+00	America/Mexico_City
9c46dbe9-df69-4424-b886-323de4738b49	a95d8b42-adf8-4b70-b81a-c060cd3b1215	2025-07-10	55240.00	552.40	100.44	\N	\N	2025-08-19 01:17:15.627954+00	2025-08-20 05:21:01.043392+00	baf175a7-fcf7-4e71-b18f-e952d8802129	2025-07-10 03:00:00+00	America/Mexico_City
372b61f0-0ccf-4bcf-816b-8b8bcc40a1fc	9d6077ad-732c-484d-843d-d9fe078c1bf2	2025-07-11	51630.00	516.30	93.87	\N	\N	2025-08-19 01:17:15.627954+00	2025-08-20 05:21:01.043392+00	baf175a7-fcf7-4e71-b18f-e952d8802129	2025-07-11 00:00:00+00	America/Mexico_City
d67b166f-e1dc-4a5d-b174-b254a94711f5	6cdfde10-caa7-477a-a968-fcbb4355251e	2025-07-11	52120.00	521.20	94.76	\N	\N	2025-08-19 01:17:15.627954+00	2025-08-20 05:21:01.043392+00	baf175a7-fcf7-4e71-b18f-e952d8802129	2025-07-11 22:56:00+00	America/Mexico_City
c138b9e3-4b42-43ee-937b-7e1b7bf84776	27ef32ee-6f9b-409e-9796-5b7d31df9cb8	2025-07-12	60590.00	605.90	110.16	\N	\N	2025-08-19 01:17:15.627954+00	2025-08-20 05:21:01.043392+00	baf175a7-fcf7-4e71-b18f-e952d8802129	2025-07-12 20:56:00+00	America/Mexico_City
364184de-1a48-47ca-8fda-5dec7e600fe2	be2cd080-9c65-4c59-a92b-e9bbf4c339ff	2025-07-12	56490.00	564.90	102.71	\N	\N	2025-08-19 01:17:15.627954+00	2025-08-20 05:21:01.043392+00	baf175a7-fcf7-4e71-b18f-e952d8802129	2025-07-12 04:00:00+00	America/Mexico_City
789abacd-9972-4172-afeb-eb8ba8f3116f	cfc9b4f5-1e51-496e-9ef7-5cd12e2d65e9	2025-07-13	66020.00	660.20	120.04	\N	\N	2025-08-19 01:17:15.627954+00	2025-08-20 05:21:01.043392+00	baf175a7-fcf7-4e71-b18f-e952d8802129	2025-07-13 02:00:00+00	America/Mexico_City
d41c45fe-2df7-4fc9-ab21-3dc4ed7a3a92	d9262ef3-b967-4ce7-95b3-ad51c83504d0	2025-07-12	55920.00	559.20	101.67	\N	\N	2025-08-19 01:17:15.627954+00	2025-08-20 05:21:01.043392+00	baf175a7-fcf7-4e71-b18f-e952d8802129	2025-07-12 20:38:00+00	America/Mexico_City
ffdba434-4c00-4e18-83d3-12fe21671e6f	205acc24-d18d-42aa-bb12-b8886ee13c2b	2025-07-13	65320.00	653.20	118.76	\N	\N	2025-08-19 01:17:15.627954+00	2025-08-20 05:21:01.043392+00	baf175a7-fcf7-4e71-b18f-e952d8802129	2025-07-13 18:38:00+00	America/Mexico_City
d8e9c320-a9ba-4a6e-ba66-145b7cc2fa4d	aac5645d-40dc-49c5-ac10-508c2d7e4816	2025-07-12	49490.00	494.90	89.98	\N	\N	2025-08-19 01:17:15.627954+00	2025-08-20 05:21:01.043392+00	baf175a7-fcf7-4e71-b18f-e952d8802129	2025-07-12 21:22:00+00	America/Mexico_City
b25c99d1-e08d-4f78-a37b-fb70fea7fdfb	b5a36b71-7a81-4328-856e-3e403041ec78	2025-07-13	64100.00	641.00	116.55	\N	\N	2025-08-19 01:17:15.627954+00	2025-08-20 05:21:01.043392+00	baf175a7-fcf7-4e71-b18f-e952d8802129	2025-07-13 19:22:00+00	America/Mexico_City
9c7dd4d1-398a-488c-a669-19a9fcd7fa20	5b0a468a-b372-4656-a558-87062eecbc00	2025-07-13	48520.00	485.20	88.22	\N	\N	2025-08-19 01:17:15.627954+00	2025-08-20 05:21:01.043392+00	baf175a7-fcf7-4e71-b18f-e952d8802129	2025-07-13 02:13:00+00	America/Mexico_City
a408d9d6-ec20-4ac4-9019-9e1681ec93f7	a784b9ee-b4f2-4c09-9f54-48d4619b5dec	2025-07-14	63560.00	635.60	115.56	\N	\N	2025-08-19 01:17:15.627954+00	2025-08-20 05:21:01.043392+00	baf175a7-fcf7-4e71-b18f-e952d8802129	2025-07-14 00:13:00+00	America/Mexico_City
49688f9e-9d9f-440b-bcf1-4758624c0ff3	8455456d-56e4-40ea-96a6-746ac6ce2420	2025-07-13	63310.00	633.10	115.11	\N	\N	2025-08-19 01:17:15.627954+00	2025-08-20 05:21:01.043392+00	baf175a7-fcf7-4e71-b18f-e952d8802129	2025-07-13 19:47:00+00	America/Mexico_City
33f580db-0143-4ecf-8f37-df7c4d580521	f8df2f7d-40f9-41e5-82ed-3434dc90a80e	2025-07-14	64780.00	647.80	117.78	\N	\N	2025-08-19 01:17:15.627954+00	2025-08-20 05:21:01.043392+00	baf175a7-fcf7-4e71-b18f-e952d8802129	2025-07-14 17:47:00+00	America/Mexico_City
178d12bf-a8ec-42e0-a374-65c55b7ce555	cc2050c1-8122-4b0e-b2eb-c67efe80d5ef	2025-07-16	61590.00	615.90	111.98	\N	\N	2025-08-19 01:17:15.627954+00	2025-08-20 05:21:01.043392+00	baf175a7-fcf7-4e71-b18f-e952d8802129	2025-07-16 16:00:00+00	America/Mexico_City
4d6aa009-a128-4155-8373-3b1ae6245fb6	b4f5d4f1-dde6-4d6c-acbd-75dfc3200ff5	2025-07-16	60680.00	606.80	110.33	\N	\N	2025-08-19 01:17:15.627954+00	2025-08-20 05:21:01.043392+00	baf175a7-fcf7-4e71-b18f-e952d8802129	2025-07-16 19:28:00+00	America/Mexico_City
6e635f06-23f0-4896-a8f2-0c4a395c3e4b	57be6c8b-4a90-4faf-99d8-17762009dc7b	2025-07-16	48960.00	489.60	89.02	\N	\N	2025-08-19 01:17:15.627954+00	2025-08-20 05:21:01.043392+00	baf175a7-fcf7-4e71-b18f-e952d8802129	2025-07-16 21:35:00+00	America/Mexico_City
f8a275d7-3be6-46b1-8d80-87ddd62137f8	f31c3d9b-f2e8-448a-b118-67bbb4eb8efa	2025-07-16	49390.00	493.90	89.80	\N	\N	2025-08-19 01:17:15.627954+00	2025-08-20 05:21:01.043392+00	baf175a7-fcf7-4e71-b18f-e952d8802129	2025-07-16 22:50:00+00	America/Mexico_City
6c150f2f-9560-4b24-a720-99794f1cdddd	94ba7bac-68e7-4717-a564-4425123e7a24	2025-07-17	48760.00	487.60	88.65	\N	\N	2025-08-19 01:17:15.627954+00	2025-08-20 05:21:01.043392+00	baf175a7-fcf7-4e71-b18f-e952d8802129	2025-07-17 00:00:00+00	America/Mexico_City
d3a692ce-41f7-4488-bf58-4a2a230c4b75	732c1f96-6745-43d9-a775-6351cfc57a2a	2025-07-17	49840.00	498.40	90.62	\N	\N	2025-08-19 01:17:15.627954+00	2025-08-20 05:21:01.043392+00	baf175a7-fcf7-4e71-b18f-e952d8802129	2025-07-17 18:34:00+00	America/Mexico_City
d46256b5-9686-4489-b22e-152e4b1caa3d	beec350e-d7ac-40ac-a11d-c0af0f22aa0c	2025-07-30	50940.00	509.40	92.62	\N	\N	2025-08-19 01:17:15.627954+00	2025-08-20 05:21:01.043392+00	baf175a7-fcf7-4e71-b18f-e952d8802129	2025-07-30 01:43:00+00	America/Mexico_City
3aef57e8-0ba3-4133-8741-0f9a1964ec7b	f1ed789e-4a74-426a-bd73-ec125eae5d16	2025-07-30	60480.00	604.80	109.96	\N	\N	2025-08-19 01:17:15.627954+00	2025-08-20 05:21:01.043392+00	baf175a7-fcf7-4e71-b18f-e952d8802129	2025-07-30 23:43:00+00	America/Mexico_City
f1e51a94-10d5-45e6-a261-dc63d1e5923e	54644972-d402-4faf-8c8a-1fa54ae05271	2025-07-30	48070.00	480.70	87.40	\N	\N	2025-08-19 01:17:15.627954+00	2025-08-20 05:21:01.043392+00	baf175a7-fcf7-4e71-b18f-e952d8802129	2025-07-30 02:45:00+00	America/Mexico_City
e969b7af-b47a-4cef-b2ab-7eef36ab7f39	ad07a693-cc72-4a7e-bba9-f78f16f8ad04	2025-07-31	60550.00	605.50	110.09	\N	\N	2025-08-19 01:17:15.627954+00	2025-08-20 05:21:01.043392+00	baf175a7-fcf7-4e71-b18f-e952d8802129	2025-07-31 00:45:00+00	America/Mexico_City
7fb02c9d-21f9-43c3-b4ec-770a89fbcf29	e374a5b6-6634-4da7-a1c4-928fe87c745f	2025-07-30	48790.00	487.90	88.71	\N	\N	2025-08-19 01:17:15.627954+00	2025-08-20 05:21:01.043392+00	baf175a7-fcf7-4e71-b18f-e952d8802129	2025-07-30 21:00:00+00	America/Mexico_City
7f2b13af-1248-48be-9732-2ff87a66f8fe	998df895-5d00-45a3-9f65-3fe064fb46c4	2025-07-31	62350.00	623.50	113.36	\N	\N	2025-08-19 01:17:15.627954+00	2025-08-20 05:21:01.043392+00	baf175a7-fcf7-4e71-b18f-e952d8802129	2025-07-31 19:00:00+00	America/Mexico_City
b95f89e5-dd88-40ec-9f8f-4efe4262d7f0	5eff6499-0962-42b2-b0fd-cde0e675374e	2025-07-31	47790.00	477.90	86.89	\N	\N	2025-08-19 01:17:15.627954+00	2025-08-20 05:21:01.043392+00	baf175a7-fcf7-4e71-b18f-e952d8802129	2025-07-31 02:27:00+00	America/Mexico_City
b9dc9091-ffa5-46d9-822b-322c6e36f388	233324ca-fe5e-4c43-bffc-14c806ec29a7	2025-08-01	61450.00	614.50	111.73	\N	\N	2025-08-19 01:17:15.627954+00	2025-08-20 05:21:01.043392+00	baf175a7-fcf7-4e71-b18f-e952d8802129	2025-08-01 00:27:00+00	America/Mexico_City
98c05598-36cb-4923-9d3a-a713a4bd201d	2675de01-fe49-4a0c-9a55-82b6c43f7f5b	2025-07-30	50880.00	508.80	92.51	\N	\N	2025-08-19 01:17:15.627954+00	2025-08-20 05:21:01.043392+00	baf175a7-fcf7-4e71-b18f-e952d8802129	2025-07-30 20:42:00+00	America/Mexico_City
0c66b430-e82d-4cfa-ad02-7f5e0e130987	9124e6f0-967f-4db2-967e-700071c5b475	2025-07-31	59280.00	592.80	107.78	\N	\N	2025-08-19 01:17:15.627954+00	2025-08-20 05:21:01.043392+00	baf175a7-fcf7-4e71-b18f-e952d8802129	2025-07-31 18:42:00+00	America/Mexico_City
bcef92d6-7240-4fd5-bdbf-b13f968ff8d4	26666f9b-ab55-453c-aa02-0a59779317d6	2025-07-31	50490.00	504.90	91.80	\N	\N	2025-08-19 01:17:15.627954+00	2025-08-20 05:21:01.043392+00	baf175a7-fcf7-4e71-b18f-e952d8802129	2025-07-31 21:53:00+00	America/Mexico_City
d09aba85-1d68-4253-a75f-3d76c4ce66ab	afbd60b0-91b5-4209-8d34-16a434b0a07d	2025-08-01	61280.00	612.80	111.42	\N	\N	2025-08-19 01:17:15.627954+00	2025-08-20 05:21:01.043392+00	baf175a7-fcf7-4e71-b18f-e952d8802129	2025-08-01 19:53:00+00	America/Mexico_City
c58e69ce-3863-46d4-9855-a605af428520	11954a85-e99b-4d86-a215-e24846af88a0	2025-08-01	49750.00	497.50	90.45	\N	\N	2025-08-19 01:17:15.627954+00	2025-08-20 05:21:01.043392+00	baf175a7-fcf7-4e71-b18f-e952d8802129	2025-08-01 00:13:00+00	America/Mexico_City
7f9c18e0-1899-405d-b7e7-10bf59fc6e86	73d9afbb-8c26-4221-8a19-6760a93fd598	2025-08-01	63220.00	632.20	114.95	\N	\N	2025-08-19 01:17:15.627954+00	2025-08-20 05:21:01.043392+00	baf175a7-fcf7-4e71-b18f-e952d8802129	2025-08-01 22:13:00+00	America/Mexico_City
71939bdc-d66e-43d3-a150-2c0ea8ae6fc6	c728dd43-21c6-4f69-8f95-d2fd971c3ceb	2025-08-01	49830.00	498.30	90.60	\N	\N	2025-08-19 01:17:15.627954+00	2025-08-20 05:21:01.043392+00	baf175a7-fcf7-4e71-b18f-e952d8802129	2025-08-01 20:36:00+00	America/Mexico_City
1e39ead1-ffe7-40d4-858e-dd72fe0be37e	0f1244a1-9d2a-4933-88dc-f39d4b8809f1	2025-08-02	62850.00	628.50	114.27	\N	\N	2025-08-19 01:17:15.627954+00	2025-08-20 05:21:01.043392+00	baf175a7-fcf7-4e71-b18f-e952d8802129	2025-08-02 18:36:00+00	America/Mexico_City
8af11571-66b6-4912-9e10-ed71c306dda3	25acc1cd-1140-462f-91d3-d34b90926879	2025-08-01	49510.00	495.10	90.02	\N	\N	2025-08-19 01:17:15.627954+00	2025-08-20 05:21:01.043392+00	baf175a7-fcf7-4e71-b18f-e952d8802129	2025-08-01 21:30:00+00	America/Mexico_City
2d788346-136c-46ba-9f6b-7d9e31d06855	d8d4e2f7-2887-4ac1-bfb8-cbb20984d2ad	2025-08-02	61380.00	613.80	111.60	\N	\N	2025-08-19 01:17:15.627954+00	2025-08-20 05:21:01.043392+00	baf175a7-fcf7-4e71-b18f-e952d8802129	2025-08-02 19:30:00+00	America/Mexico_City
7d97a6e0-31c2-4431-9230-35f374a8db1a	b3928435-d2cf-44bd-b333-8d44c7fde7ae	2025-08-01	50740.00	507.40	92.25	\N	\N	2025-08-19 01:17:15.627954+00	2025-08-20 05:21:01.043392+00	baf175a7-fcf7-4e71-b18f-e952d8802129	2025-08-01 22:51:00+00	America/Mexico_City
80914d24-91c3-49e2-960e-76d4c6989734	ecfac66c-8c42-4cc5-9253-02b52cf82b32	2025-08-02	63540.00	635.40	115.53	\N	\N	2025-08-19 01:17:15.627954+00	2025-08-20 05:21:01.043392+00	baf175a7-fcf7-4e71-b18f-e952d8802129	2025-08-02 20:51:00+00	America/Mexico_City
47c9af6f-5143-4083-a3e1-ee46c7f2e807	83817213-cab7-4843-9ef9-f06f8828beb2	2025-08-12	45873.30	458.73	101.94	\N	\N	2025-08-18 18:30:37.368801+00	2025-08-18 18:30:37.368801+00	836cbbcf-67b2-4534-97cc-b83e71722ff7	2025-08-12 08:00:00+00	America/Mexico_City
